,2018,2019,2020,2021,2022,2023,2024,2025,2026,2027,2028,2029,2030,2031,2032,2033,2034,2035,2036,2037,2038,2039,2040,2041,2042,2043,2044,2045,2046,2047,2048,2049,2050
ERCOT_AEN,19333.395463081713,19563.584958624077,19816.11191073487,20093.871226557105,20374.534196471188,20659.962949730823,20943.382734762134,21205.12297924006,21450.484337445414,21717.040236502737,22006.43140798666,22280.97287478766,22532.440261857402,22780.95480424034,23049.47797245978,23357.938729144724,23676.482230223002,24002.348794286452,24318.684012428712,24647.76519109456,24983.32208369331,25293.598785557602,25592.404885309643,25885.467693544684,26179.273528606605,26466.00637162125,26737.94361856345,27001.371939342163,27258.477865607787,27500.84759613248,27739.548288585152,27981.830424814845,28219.04509282758
ERCOT_BEPC,0.0,0.0,0.0,0.0,0.0,0.0,0.0,0.0,0.0,0.0,0.0,0.0,0.0,0.0,0.0,0.0,0.0,0.0,0.0,0.0,0.0,0.0,0.0,0.0,0.0,0.0,0.0,0.0,0.0,0.0,0.0,0.0,0.0
ERCOT_CPS,37249.77614187892,37693.28370864538,38179.82899521341,38714.98963760842,39255.744768830875,39805.68216517079,40351.748869633324,40856.04546526968,41328.784756434,41842.359704411596,42399.93151717448,42928.892309371004,43413.39612522778,43892.210676424584,44409.57597442319,45003.88927841627,45617.62907023269,46245.47825413139,46854.96333315399,47489.00613547582,48135.52573706554,48733.33783419848,49309.049449204016,49873.69542787401,50439.77300106248,50992.222995437005,51516.16622064951,52023.715243643215,52519.08286887144,52986.05817193459,53445.9643159822,53912.770850559435,54369.81386185653
ERCOT_FlatLoad,0.0,0.0,0.0,0.0,0.0,0.0,0.0,0.0,0.0,0.0,0.0,0.0,0.0,0.0,0.0,0.0,0.0,0.0,0.0,0.0,0.0,0.0,0.0,0.0,0.0,0.0,0.0,0.0,0.0,0.0,0.0,0.0,0.0
ERCOT_Houston,181876.23523613214,184041.7109757711,186417.32323866978,189030.3054620965,191670.60340849916,194355.73480045437,197021.9671025537,199484.2521350165,201792.45506750338,204300.04270223127,207022.44999383073,209605.16074907914,211970.8053008728,214308.6713759939,216834.76582239827,219736.56759079825,222733.22137805904,225798.76586424973,228774.64553619758,231870.43106322025,235027.1359705365,237946.0209912418,240756.9979141662,243513.94561904814,246277.8832457061,248975.28268108412,251533.49459935632,254011.65997539173,256430.34830230172,258710.40791248257,260955.95155609402,263235.18713509873,265466.7512099831
ERCOT_LCRA,28832.822565157658,29176.11523167399,29552.720821573308,29966.95664911922,30385.52283567427,30811.1964641605,31233.87402169909,31624.219837652832,31990.139032705258,32387.66666595995,32819.2496393312,33228.68653385741,33603.711943447306,33974.3336337278,34374.795150107035,34834.81751311071,35309.87675779499,35795.85723853882,36267.623164665085,36758.39775478424,37258.82988856491,37721.56045795912,38167.18436670238,38604.243028561505,39042.40980206617,39470.02828232906,39875.58137852027,40268.44470385564,40651.87913815473,41013.3367749536,41369.32259879973,41730.6496020133,42084.419246136305
ERCOT_North,207280.70758119115,209748.65696984826,212456.09475111132,215434.05832873748,218443.15308949587,221503.3436314341,224541.9952586654,227348.21226185348,229978.82497750423,232836.67245039376,235939.34558959908,238882.80938040384,241578.88716068532,244243.30636670202,247122.2456827034,250429.37111903858,253844.5975041286,257338.33724090198,260729.8877822742,264258.0926284309,267855.7260738562,271182.32095116057,274385.93512770045,277527.9732850789,280677.97771649965,283752.14990215295,286667.6928584587,289492.0083715927,292248.5390814425,294847.0774155574,297406.27859292907,300003.877795194,302547.14673769346
ERCOT_RAYBURN,6419.603345426758,6496.037164746684,6579.888078036928,6672.117331634974,6765.310735971961,6860.086606191215,6954.195403770071,7041.10556666887,7122.577163263547,7211.086351657236,7307.177932473586,7398.338707729002,7481.837795221486,7564.356398366761,7653.518813335089,7755.942399990049,7861.713935522491,7969.917074946143,8074.955355911334,8184.22589969731,8295.646687340195,8398.673253837505,8497.891036935414,8595.201775122008,8692.759233421099,8787.968123229177,8878.264174098764,8965.73485831357,9051.1062079834,9131.584442439298,9210.844382409543,9291.293531409125,9370.060040854747
ERCOT_South,71936.27042333872,72792.76631572182,73732.37607805831,74765.87116658244,75810.17025724711,76872.20201572897,77926.75874572857,78900.64959916865,79813.59740748316,80805.40649110427,81882.18173266735,82903.70375325238,83839.37105460369,84764.05132399191,85763.18028097472,86910.91019992497,88096.15629282789,89308.65025536827,90485.67970372157,91710.13469947968,92958.68472342625,94113.17146498144,95224.9780504802,96315.41482680726,97408.6162793575,98475.50033362214,99487.3324958291,100467.50439356377,101424.15173854798,102325.96820998723,103214.13281590465,104115.62336389684,104998.25872606755
ERCOT_West,49923.49562281778,50517.900485381746,51169.98605474904,51887.22768021144,52611.967241699684,53349.013206605036,54080.87153042868,54756.748045470296,55390.33032105993,56078.6420190871,56825.91990467362,57534.8522669322,58184.20178350472,58825.92634205692,59519.31800410754,60315.83816351659,61138.39440368278,61979.86056081539,62796.71448119502,63646.481549480995,64512.97047486657,65314.17984323455,66085.76934708183,66842.52828536926,67601.2058983463,68341.61933790453,69043.82697563295,69724.0625113119,70387.97209765606,71013.82926817007,71630.21209640014,72255.84307729262,72868.38863158059
ERCOT_WZ_Coast,0.0,0.0,0.0,0.0,0.0,0.0,0.0,0.0,0.0,0.0,0.0,0.0,0.0,0.0,0.0,0.0,0.0,0.0,0.0,0.0,0.0,0.0,0.0,0.0,0.0,0.0,0.0,0.0,0.0,0.0,0.0,0.0,0.0
ERCOT_WZ_East,0.0,0.0,0.0,0.0,0.0,0.0,0.0,0.0,0.0,0.0,0.0,0.0,0.0,0.0,0.0,0.0,0.0,0.0,0.0,0.0,0.0,0.0,0.0,0.0,0.0,0.0,0.0,0.0,0.0,0.0,0.0,0.0,0.0
ERCOT_WZ_FarWest,0.0,0.0,0.0,0.0,0.0,0.0,0.0,0.0,0.0,0.0,0.0,0.0,0.0,0.0,0.0,0.0,0.0,0.0,0.0,0.0,0.0,0.0,0.0,0.0,0.0,0.0,0.0,0.0,0.0,0.0,0.0,0.0,0.0
ERCOT_WZ_North,0.0,0.0,0.0,0.0,0.0,0.0,0.0,0.0,0.0,0.0,0.0,0.0,0.0,0.0,0.0,0.0,0.0,0.0,0.0,0.0,0.0,0.0,0.0,0.0,0.0,0.0,0.0,0.0,0.0,0.0,0.0,0.0,0.0
ERCOT_WZ_NorthCen,0.0,0.0,0.0,0.0,0.0,0.0,0.0,0.0,0.0,0.0,0.0,0.0,0.0,0.0,0.0,0.0,0.0,0.0,0.0,0.0,0.0,0.0,0.0,0.0,0.0,0.0,0.0,0.0,0.0,0.0,0.0,0.0,0.0
ERCOT_WZ_South,0.0,0.0,0.0,0.0,0.0,0.0,0.0,0.0,0.0,0.0,0.0,0.0,0.0,0.0,0.0,0.0,0.0,0.0,0.0,0.0,0.0,0.0,0.0,0.0,0.0,0.0,0.0,0.0,0.0,0.0,0.0,0.0,0.0
ERCOT_WZ_SouthCen,0.0,0.0,0.0,0.0,0.0,0.0,0.0,0.0,0.0,0.0,0.0,0.0,0.0,0.0,0.0,0.0,0.0,0.0,0.0,0.0,0.0,0.0,0.0,0.0,0.0,0.0,0.0,0.0,0.0,0.0,0.0,0.0,0.0
ERCOT_WZ_West,0.0,0.0,0.0,0.0,0.0,0.0,0.0,0.0,0.0,0.0,0.0,0.0,0.0,0.0,0.0,0.0,0.0,0.0,0.0,0.0,0.0,0.0,0.0,0.0,0.0,0.0,0.0,0.0,0.0,0.0,0.0,0.0,0.0
FRCC,383094.3764903095,387655.6187944776,392659.4814346754,398163.3274669197,403724.7098773954,409380.5270602183,414996.5362107538,420182.9617381355,425044.8369693119,430326.6854756529,436061.0186202438,441501.10245061415,446483.9696371406,451408.3257257938,456729.1559906411,462841.35606845986,469153.3473668147,475610.44634962454,481878.680162332,488399.4772564807,495048.59167575685,501196.77500274405,507117.6664827016,512924.7537068621,518746.56412848155,524428.2220619649,529816.702852147,535036.5778860655,540131.1736441038,544933.769286074,549663.6623417237,554464.5222884876,559164.9695280956
isoNE_Boston,74812.4120962863,75691.24022552505,76652.17390122157,77704.91101355093,78763.30104475711,79832.66534666534,80885.72734510843,81848.01936174744,82736.89711756336,83685.48603610146,84699.99651620883,85633.93637393272,86455.5562940828,87239.52601978077,88072.96205049894,89009.89220434887,89945.1192121078,90888.14998899419,91787.41552907048,92724.3062398929,93676.0718058575,94554.11265943298,95396.39158234313,96224.4180318567,97063.52530006344,97882.40938306916,98665.82558005914,99436.49627637745,100194.76980264917,100920.32158238445,101642.68336432497,102381.96746313428,103111.33161386878
isoNE_ConnCentral,41286.09692150107,41771.08841294496,42301.39080205761,42882.355981960536,43466.440790680375,44056.58187791272,44637.72634998395,45168.77835529306,45659.31584966967,46182.8056414307,46742.67501117759,47258.080548900594,47711.50102693962,48144.14380868863,48604.085144329765,49121.14091163667,49637.25677802854,50157.679244883104,50653.94935843019,51170.9833586451,51696.22622011557,52180.783244357735,52645.604632571354,53102.56062811104,53565.63170190736,54017.54237650151,54449.8796870159,54875.18324522503,55293.645281422585,55694.04944244823,56092.69316620895,56500.67566671545,56903.18372887412
isoNE_ConnNorwalk,15645.596699201646,15829.386929896078,16030.34797798098,16250.507973204618,16471.85016916797,16695.48742565218,16915.715364642987,17116.96048396648,17302.852403404777,17501.231779726415,17713.397400030768,17908.713203195242,18080.539422274418,18244.491817458093,18418.789151895293,18614.730318764643,18810.315304940003,19007.532301380506,19195.59662882681,19391.529546935242,19590.57325880092,19774.198845726045,19950.34550330379,20123.511526458977,20298.994892626015,20470.24896326891,20634.085598424484,20795.256753913636,20953.835276478312,21105.57066652985,21256.638929061104,21411.246173126656,21563.778848246937
isoNE_ConnSW,28016.148212680626,28345.256423902807,28705.111954910426,29099.34652296645,29495.69802601561,29896.159232065904,30290.515465194072,30650.879674910233,30983.751323505694,31338.98392448727,31718.903180899233,32068.649924020498,32376.334502186342,32669.919636176423,32982.02917399398,33332.89573904211,33683.12450092395,34036.2756595895,34373.03738063798,34723.889174852324,35080.31138358249,35409.124771645686,35724.5458425543,36034.62957175868,36348.8629046201,36655.5229520059,36948.90079763448,37237.505640684256,37521.46792585211,37793.17639811572,38063.69026311415,38340.54128693708,38613.677436078935
isoNE_MaineBHE,4767.516807680774,4823.521256138016,4884.757985733814,4951.845006944144,5019.292267652207,5087.438877820579,5154.54660281474,5215.869894427353,5272.514768213428,5332.964812343666,5397.61579244113,5457.132306403158,5509.49108844322,5559.450563605812,5612.562342430183,5672.2694168438975,5731.867956090957,5791.963800523558,5849.270649170064,5908.975210026318,5969.627690083612,6025.581968390584,6079.257271849067,6132.024318180624,6185.49750387973,6237.681941192716,6287.606142029231,6336.718119506389,6385.040071439539,6431.276788152786,6477.310218169656,6524.422044509225,6570.901709448663
isoNE_MaineCentral,15807.952281170195,15993.649717478975,16196.696154094727,16419.140766826913,16642.77984808846,16868.737805893583,17091.251067450736,17294.584523134563,17482.40545757586,17682.84343221832,17897.210711776745,18094.553322323514,18268.162595531747,18433.81633755741,18609.92236908122,18807.896832781,19005.51141967184,19204.774952326134,19394.790838023422,19592.75696736425,19793.86617141271,19979.397255430893,20157.37180066628,20332.334781202324,20509.639152000098,20682.670339542925,20848.207120289608,21011.050761478677,21171.274865788408,21324.584825863105,21477.220735583007,21633.432351125684,21787.547869758713
isoNE_MaineSouth,11477.889075227522,11612.7208698582,11760.149482694529,11921.662785930097,12084.043372735347,12248.107656914735,12409.670804910967,12557.307817479741,12693.681448496494,12839.216100834094,12994.864587897197,13138.15174826962,13264.206530373724,13384.484934688731,13512.352571138807,13656.09850949038,13799.583147325588,13944.265057029243,14082.232405346871,14225.972292260163,14371.994313013925,14506.705322035887,14635.929654959707,14762.967341254853,14891.705071757362,15017.340115553461,15137.53359624507,15255.771633463884,15372.1076688804,15483.423460107895,15594.249834675606,15707.672469281904,15819.573163070567
isoNE_MassCentral,21374.129455318,21625.213275194685,21899.754894784193,22200.5250302583,22502.91022152982,22808.430794699743,23109.29375110636,23384.223452757866,23638.178480946364,23909.19316656589,24199.04183910546,24465.87124432206,24700.610508092268,24924.592998919496,25162.708160750786,25430.391902496813,25697.589050320646,25967.015758278896,26223.938607438726,26491.611080194056,26763.533343465806,27014.392236335432,27255.033838862517,27491.60346719574,27731.338918506495,27965.296545437923,28189.120891460956,28409.303809896028,28625.944819842513,28833.237129127225,29039.618046519634,29250.833720355567,29459.215235414897
isoNE_MassSE,35619.09317975266,36037.51386887647,36495.02600055516,36996.24685745765,37500.1591373282,38009.29640005603,38510.671939162115,38968.830793373134,39392.0362311161,39843.67087477928,40326.69157027928,40771.351619119,41162.53478878475,41535.79224603398,41932.60120868723,42378.6849736372,42823.95785015819,43272.94619543516,43701.097382755426,44147.162368403515,44600.30945228234,45018.35530995209,45419.37448040558,45813.60787609618,46213.11698342983,46602.99758798053,46975.991503524914,47342.91713222589,47703.94031850213,48049.384285953216,48393.30945691704,48745.29154737427,49092.55063071389
isoNE_MassWest,26082.270928314792,26388.661709255368,26723.677407471336,27090.699052819793,27459.691506989275,27832.509982719494,28199.64489493641,28535.13415917548,28845.028597808265,29175.740474081744,29529.434954186454,29855.039646206744,30141.485608273484,30414.805371830025,30705.370850812757,31032.018066547087,31358.071504905034,31686.845615073184,32000.361605208353,32326.99506969873,32658.814438385572,32964.93074699503,33258.57917309145,33547.25867943095,33839.80135375509,34125.29350557009,34398.42028930785,34667.103537643925,34931.46469103828,35184.41787836795,35436.25891887048,35693.99968163753,35948.281997256134
isoNE_NewHampshire,28649.666684347747,28986.216893998975,29354.209700848165,29757.35894479529,30162.672993178967,30572.18967570993,30975.463335895067,31343.976324010382,31684.375072208495,32047.640412478562,32436.150638100564,32793.80607089932,33108.44820305279,33408.67206567815,33727.83921740786,34086.63979423952,34444.788145505205,34805.924976598195,35150.301761973686,35509.08723396433,35873.56908212918,36209.8178018978,36532.371369153036,36849.466903432236,37170.80587477294,37484.40030882268,37784.412195753896,38079.54315001984,38369.926566013564,38647.77907830655,38924.40997013599,39207.52132054487,39486.833793228696
isoNE_RhodeIsland,30003.382059345262,30355.83448518222,30741.21519137449,31163.41349917156,31587.878899822077,32016.745511815327,32439.074114598538,32824.999580959906,33181.48239129189,33561.912255036004,33968.77984137577,34343.33472587376,34672.8439033095,34987.2535386091,35321.50154573763,35697.255683068484,36072.326776751375,36450.527557876136,36811.17637022812,37186.9146890044,37568.618541432144,37920.75523179354,38258.549664782564,38590.62816918935,38927.1506158173,39255.56259073284,39569.750234348954,39878.82631805844,40182.93053922613,40473.91176334731,40763.61364464391,41060.10219040056,41352.61235899012
isoNE_Vermont,19245.11615404503,19471.190263310134,19718.385610805566,19989.19692992701,20261.462433953682,20536.551013837,20807.445908274636,21054.99068213506,21283.650007213462,21527.669728114986,21788.647438658983,22028.898762458775,22240.256348114668,22441.928610905696,22656.32583148313,22897.346393898126,23137.928830560584,23380.518747520615,23611.850277772894,23852.860693667757,24097.697591117798,24323.56917768433,24540.241187733234,24753.24682079584,24969.1029386491,25179.75674398103,25381.28661430025,25579.53776877547,25774.599813705325,25961.244354170194,26147.068283771554,26337.245394143458,26524.87064784355
MISO_ALTE,0.0,0.0,0.0,0.0,0.0,0.0,0.0,0.0,0.0,0.0,0.0,0.0,0.0,0.0,0.0,0.0,0.0,0.0,0.0,0.0,0.0,0.0,0.0,0.0,0.0,0.0,0.0,0.0,0.0,0.0,0.0,0.0,0.0
MISO_ALTW,0.0,0.0,0.0,0.0,0.0,0.0,0.0,0.0,0.0,0.0,0.0,0.0,0.0,0.0,0.0,0.0,0.0,0.0,0.0,0.0,0.0,0.0,0.0,0.0,0.0,0.0,0.0,0.0,0.0,0.0,0.0,0.0,0.0
MISO_AMIL,0.0,0.0,0.0,0.0,0.0,0.0,0.0,0.0,0.0,0.0,0.0,0.0,0.0,0.0,0.0,0.0,0.0,0.0,0.0,0.0,0.0,0.0,0.0,0.0,0.0,0.0,0.0,0.0,0.0,0.0,0.0,0.0,0.0
MISO_AMMO,0.0,0.0,0.0,0.0,0.0,0.0,0.0,0.0,0.0,0.0,0.0,0.0,0.0,0.0,0.0,0.0,0.0,0.0,0.0,0.0,0.0,0.0,0.0,0.0,0.0,0.0,0.0,0.0,0.0,0.0,0.0,0.0,0.0
MISO_BREC,0.0,0.0,0.0,0.0,0.0,0.0,0.0,0.0,0.0,0.0,0.0,0.0,0.0,0.0,0.0,0.0,0.0,0.0,0.0,0.0,0.0,0.0,0.0,0.0,0.0,0.0,0.0,0.0,0.0,0.0,0.0,0.0,0.0
MISO_CONS,0.0,0.0,0.0,0.0,0.0,0.0,0.0,0.0,0.0,0.0,0.0,0.0,0.0,0.0,0.0,0.0,0.0,0.0,0.0,0.0,0.0,0.0,0.0,0.0,0.0,0.0,0.0,0.0,0.0,0.0,0.0,0.0,0.0
MISO_CWLD,0.0,0.0,0.0,0.0,0.0,0.0,0.0,0.0,0.0,0.0,0.0,0.0,0.0,0.0,0.0,0.0,0.0,0.0,0.0,0.0,0.0,0.0,0.0,0.0,0.0,0.0,0.0,0.0,0.0,0.0,0.0,0.0,0.0
MISO_CWLP,0.0,0.0,0.0,0.0,0.0,0.0,0.0,0.0,0.0,0.0,0.0,0.0,0.0,0.0,0.0,0.0,0.0,0.0,0.0,0.0,0.0,0.0,0.0,0.0,0.0,0.0,0.0,0.0,0.0,0.0,0.0,0.0,0.0
MISO_DECO,0.0,0.0,0.0,0.0,0.0,0.0,0.0,0.0,0.0,0.0,0.0,0.0,0.0,0.0,0.0,0.0,0.0,0.0,0.0,0.0,0.0,0.0,0.0,0.0,0.0,0.0,0.0,0.0,0.0,0.0,0.0,0.0,0.0
MISO_DEI,0.0,0.0,0.0,0.0,0.0,0.0,0.0,0.0,0.0,0.0,0.0,0.0,0.0,0.0,0.0,0.0,0.0,0.0,0.0,0.0,0.0,0.0,0.0,0.0,0.0,0.0,0.0,0.0,0.0,0.0,0.0,0.0,0.0
MISO_DPC,0.0,0.0,0.0,0.0,0.0,0.0,0.0,0.0,0.0,0.0,0.0,0.0,0.0,0.0,0.0,0.0,0.0,0.0,0.0,0.0,0.0,0.0,0.0,0.0,0.0,0.0,0.0,0.0,0.0,0.0,0.0,0.0,0.0
MISO_GRE,0.0,0.0,0.0,0.0,0.0,0.0,0.0,0.0,0.0,0.0,0.0,0.0,0.0,0.0,0.0,0.0,0.0,0.0,0.0,0.0,0.0,0.0,0.0,0.0,0.0,0.0,0.0,0.0,0.0,0.0,0.0,0.0,0.0
MISO_HE,0.0,0.0,0.0,0.0,0.0,0.0,0.0,0.0,0.0,0.0,0.0,0.0,0.0,0.0,0.0,0.0,0.0,0.0,0.0,0.0,0.0,0.0,0.0,0.0,0.0,0.0,0.0,0.0,0.0,0.0,0.0,0.0,0.0
MISO_IPL,0.0,0.0,0.0,0.0,0.0,0.0,0.0,0.0,0.0,0.0,0.0,0.0,0.0,0.0,0.0,0.0,0.0,0.0,0.0,0.0,0.0,0.0,0.0,0.0,0.0,0.0,0.0,0.0,0.0,0.0,0.0,0.0,0.0
MISO_MDU,0.0,0.0,0.0,0.0,0.0,0.0,0.0,0.0,0.0,0.0,0.0,0.0,0.0,0.0,0.0,0.0,0.0,0.0,0.0,0.0,0.0,0.0,0.0,0.0,0.0,0.0,0.0,0.0,0.0,0.0,0.0,0.0,0.0
MISO_MEC,0.0,0.0,0.0,0.0,0.0,0.0,0.0,0.0,0.0,0.0,0.0,0.0,0.0,0.0,0.0,0.0,0.0,0.0,0.0,0.0,0.0,0.0,0.0,0.0,0.0,0.0,0.0,0.0,0.0,0.0,0.0,0.0,0.0
MISO_MGE,0.0,0.0,0.0,0.0,0.0,0.0,0.0,0.0,0.0,0.0,0.0,0.0,0.0,0.0,0.0,0.0,0.0,0.0,0.0,0.0,0.0,0.0,0.0,0.0,0.0,0.0,0.0,0.0,0.0,0.0,0.0,0.0,0.0
MISO_MP,0.0,0.0,0.0,0.0,0.0,0.0,0.0,0.0,0.0,0.0,0.0,0.0,0.0,0.0,0.0,0.0,0.0,0.0,0.0,0.0,0.0,0.0,0.0,0.0,0.0,0.0,0.0,0.0,0.0,0.0,0.0,0.0,0.0
MISO_MPW,0.0,0.0,0.0,0.0,0.0,0.0,0.0,0.0,0.0,0.0,0.0,0.0,0.0,0.0,0.0,0.0,0.0,0.0,0.0,0.0,0.0,0.0,0.0,0.0,0.0,0.0,0.0,0.0,0.0,0.0,0.0,0.0,0.0
MISO_NIPS,0.0,0.0,0.0,0.0,0.0,0.0,0.0,0.0,0.0,0.0,0.0,0.0,0.0,0.0,0.0,0.0,0.0,0.0,0.0,0.0,0.0,0.0,0.0,0.0,0.0,0.0,0.0,0.0,0.0,0.0,0.0,0.0,0.0
MISO_NSP,0.0,0.0,0.0,0.0,0.0,0.0,0.0,0.0,0.0,0.0,0.0,0.0,0.0,0.0,0.0,0.0,0.0,0.0,0.0,0.0,0.0,0.0,0.0,0.0,0.0,0.0,0.0,0.0,0.0,0.0,0.0,0.0,0.0
MISO_OTP,0.0,0.0,0.0,0.0,0.0,0.0,0.0,0.0,0.0,0.0,0.0,0.0,0.0,0.0,0.0,0.0,0.0,0.0,0.0,0.0,0.0,0.0,0.0,0.0,0.0,0.0,0.0,0.0,0.0,0.0,0.0,0.0,0.0
MISO_SIGE,0.0,0.0,0.0,0.0,0.0,0.0,0.0,0.0,0.0,0.0,0.0,0.0,0.0,0.0,0.0,0.0,0.0,0.0,0.0,0.0,0.0,0.0,0.0,0.0,0.0,0.0,0.0,0.0,0.0,0.0,0.0,0.0,0.0
MISO_SIPC,0.0,0.0,0.0,0.0,0.0,0.0,0.0,0.0,0.0,0.0,0.0,0.0,0.0,0.0,0.0,0.0,0.0,0.0,0.0,0.0,0.0,0.0,0.0,0.0,0.0,0.0,0.0,0.0,0.0,0.0,0.0,0.0,0.0
MISO_SMP,0.0,0.0,0.0,0.0,0.0,0.0,0.0,0.0,0.0,0.0,0.0,0.0,0.0,0.0,0.0,0.0,0.0,0.0,0.0,0.0,0.0,0.0,0.0,0.0,0.0,0.0,0.0,0.0,0.0,0.0,0.0,0.0,0.0
MISO_UPPC,0.0,0.0,0.0,0.0,0.0,0.0,0.0,0.0,0.0,0.0,0.0,0.0,0.0,0.0,0.0,0.0,0.0,0.0,0.0,0.0,0.0,0.0,0.0,0.0,0.0,0.0,0.0,0.0,0.0,0.0,0.0,0.0,0.0
MISO_WEC,0.0,0.0,0.0,0.0,0.0,0.0,0.0,0.0,0.0,0.0,0.0,0.0,0.0,0.0,0.0,0.0,0.0,0.0,0.0,0.0,0.0,0.0,0.0,0.0,0.0,0.0,0.0,0.0,0.0,0.0,0.0,0.0,0.0
MISO_WPS,0.0,0.0,0.0,0.0,0.0,0.0,0.0,0.0,0.0,0.0,0.0,0.0,0.0,0.0,0.0,0.0,0.0,0.0,0.0,0.0,0.0,0.0,0.0,0.0,0.0,0.0,0.0,0.0,0.0,0.0,0.0,0.0,0.0
MRO_Manitoba,,,,,,,,,,,,,,,,,,,,,,,,,,,,,,,,,
MRO_Saskatchewan,,,,,,,,,,,,,,,,,,,,,,,,,,,,,,,,,
NPCC_NewBrunswick,,,,,,,,,,,,,,,,,,,,,,,,,,,,,,,,,
NPCC_NorthernMaineISA,,,,,,,,,,,,,,,,,,,,,,,,,,,,,,,,,
NPCC_NovaScotia,,,,,,,,,,,,,,,,,,,,,,,,,,,,,,,,,
NPCC_Ontario_Bruce,,,,,,,,,,,,,,,,,,,,,,,,,,,,,,,,,
NPCC_Ontario_East,,,,,,,,,,,,,,,,,,,,,,,,,,,,,,,,,
NPCC_Ontario_Essa,,,,,,,,,,,,,,,,,,,,,,,,,,,,,,,,,
NPCC_Ontario_Niagara,,,,,,,,,,,,,,,,,,,,,,,,,,,,,,,,,
NPCC_Ontario_Northeast,,,,,,,,,,,,,,,,,,,,,,,,,,,,,,,,,
NPCC_Ontario_Northwest,,,,,,,,,,,,,,,,,,,,,,,,,,,,,,,,,
NPCC_Ontario_Ottawa,,,,,,,,,,,,,,,,,,,,,,,,,,,,,,,,,
NPCC_Ontario_Southwest,,,,,,,,,,,,,,,,,,,,,,,,,,,,,,,,,
NPCC_Ontario_Toronto,,,,,,,,,,,,,,,,,,,,,,,,,,,,,,,,,
NPCC_Ontario_West,,,,,,,,,,,,,,,,,,,,,,,,,,,,,,,,,
NPCC_PrinceEdwardIsland,,,,,,,,,,,,,,,,,,,,,,,,,,,,,,,,,
NPCC_Quebec,,,,,,,,,,,,,,,,,,,,,,,,,,,,,,,,,
NY_A_West,25124.283466243043,25423.421098222978,25751.58687436992,26112.542806784037,26477.272118200864,26848.19469721733,27216.506566317912,27556.645271355243,27875.49915953982,28221.89594122795,28597.96779259385,28954.74204098276,29281.530882980023,29604.482421432513,29953.435723943785,30354.289030025648,30768.245142013468,31191.71777739894,31602.804164481768,32030.454280675498,32466.519766678797,32869.73294387239,33258.03975557282,33638.883000701215,34020.69182979321,34393.309109605136,34746.69910207966,35089.03150907559,35423.14778909911,35738.113974163054,36048.31214252005,36363.16449636889,36671.4315347628
NY_B_Genesee,16254.557467039416,16448.08934770399,16660.4014510228,16893.92767095967,17129.89513885996,17369.869440397608,17608.15470135368,17828.2128827232,18034.500511027058,18258.607455287278,18501.913161019194,18732.733973520735,18944.15524724457,19153.09391599896,19378.85484233955,19638.1933069893,19906.00884171604,20179.981243629125,20445.940163879863,20722.615253889762,21004.734802141025,21265.60002319168,21516.821332412615,21763.213967736552,22010.231303066234,22251.302018418282,22479.933332368855,22701.410764345037,22917.57264142355,23121.345057945386,23322.032729715364,23525.731501309976,23725.169797629966
NY_C_Central,26252.406903002968,26564.97632792962,26907.877310503896,27285.040783624238,27666.14706693901,28053.724706195266,28438.57441018087,28793.98592669628,29127.15690156102,29489.107493106676,29882.06561587616,30254.859640183484,30596.321861902168,30933.774478562733,31298.396383103063,31717.248690426142,32149.79214212261,32592.279425446068,33021.82429666534,33468.67663685322,33924.32221139451,34345.64035209138,34751.3828059076,35149.32656620642,35548.27926684562,35937.62770187088,36306.88551136644,36664.589230822414,37013.70790510741,37342.81661231073,37666.94321067585,37995.93297544719,38318.04173280038
NY_D_North,7135.422036470197,7220.378618576707,7313.5793386641235,7416.092626965574,7519.677573757269,7625.021439491569,7729.6238505654965,7826.224942279844,7916.78103965963,8015.159456410929,8121.965741220517,8223.291410365262,8316.101074274397,8407.820924803946,8506.92540624253,8620.769748010583,8738.335352123357,8858.603696429831,8975.35428433117,9096.809054059737,9220.653830861138,9335.168387815887,9445.449462491766,9553.6108469699,9662.046462118185,9767.871631345874,9868.236154901691,9965.460268932986,10060.350961852708,10149.802932121542,10237.900761822482,10327.320403457481,10414.869782600123
NY_E_MohawkValley,12686.846448075472,12837.900037678113,13003.611780943695,13185.881356719367,13370.056351213228,13557.358719872966,13743.342775281393,13915.100410783869,14076.109990388586,14251.027726263106,14440.930289579317,14621.088267498137,14786.104709257925,14949.18345273817,15125.39213834935,15327.808432103438,15536.841164761787,15750.679394509349,15958.263020797493,16174.210725930703,16394.407885768615,16598.015828330197,16794.096600201927,16986.408543275746,17179.208071020214,17367.366201747605,17545.81525391002,17718.680628860624,17887.397159469587,18046.443590847866,18203.082347758373,18362.071298526356,18517.73490526608
NY_F_Capital,19627.36575839347,19861.055356859375,20117.422059873104,20399.404792541787,20684.335330266513,20974.10411655586,21261.8333876297,21527.553473988537,21776.645628011287,22047.254592476213,22341.046046792202,22619.762002043764,22875.053029000217,23127.346312347363,23399.952458914304,23713.10345740949,24036.490511564643,24367.31197815687,24688.457171746657,25022.54213215683,25363.201271745747,25678.195827431915,25981.54536693063,26279.064286377292,26577.337530604993,26868.430235739954,27144.50237315923,27411.936203544403,27672.951505440138,27919.00654315223,28161.336753926476,28407.302865445054,28648.12445631524
NY_G_HudsonValley,15944.034477288065,16133.869173435744,16342.125319573519,16571.190313165276,16802.649917731538,17038.039810390135,17271.77292947487,17487.62717453073,17689.97393571351,17909.799597109104,18148.457251651642,18374.86852123329,18582.250855961283,18787.198012782614,19008.646058999682,19263.030186654163,19525.72944056466,19794.4679424147,20055.34605014657,20326.735608617768,20603.46561576538,20859.347333049347,21105.769373376825,21347.454985582553,21589.753363681783,21826.21872454021,22050.482323202155,22267.72870585699,22479.76108064196,22679.640680017867,22876.4944648321,23076.301826175004,23271.930103294544
NY_H_Millwood,4836.230491239586,4893.812174665596,4956.981551611831,5026.462780347386,5096.670355392974,5168.070086610737,5238.967276336484,5304.441349607568,5365.818260052018,5432.496964737,5504.88789110576,5573.564177968462,5636.468505727202,5698.6341821953565,5765.804997390593,5842.966162364393,5922.649516260648,6004.164727399247,6083.29568141888,6165.615025343538,6249.554262950848,6327.169684884505,6401.9157466070155,6475.225129417761,6548.720379682719,6620.446327712656,6688.471171453993,6754.36751540655,6818.682318383534,6879.310876008362,6939.021627248311,6999.6282732435375,7058.967296882874
NY_I_Dunwoodie,9771.564065772403,9887.907385147173,10015.54059347816,10155.92684661227,10297.78067651206,10442.043248185826,10585.290438894224,10717.580267258358,10841.591811715036,10976.31558797679,11122.580861328484,11261.340736006467,11388.438414626688,11514.043654368877,11649.761735882852,11805.665237235178,11966.664800631359,12131.365616570265,12291.249060543661,12457.57462018546,12627.173161735052,12783.994485551299,12935.018290580592,13083.139297644884,13231.635848376884,13376.557538445704,13514.001177636741,13647.144200451512,13777.091732688761,13899.59123640752,14020.236319848736,14142.691551299491,14262.58556217066
NY_J_NYC,86289.05508885584,87316.43975595481,88443.5212416524,89683.22013211348,90935.87864823207,92209.80786883875,93474.77063704668,94642.97300573326,95738.07292210788,96927.76858120399,98219.38291693146,99444.71986295341,100567.07228456225,101676.24553242819,102874.72153212348,104251.44748164249,105673.17486342747,107127.58663252316,108539.45797798579,110008.21725562158,111505.87902156383,112890.70992056871,114224.34508318802,115532.3467144885,116843.6646325178,118123.41428300837,119337.12804202785,120512.86465420472,121660.38307524826,122742.13072113138,123807.50266989892,124888.85936381706,125947.59886951443
NY_K_LongIsland,33944.45792452891,34348.611331571505,34791.98355333684,35279.657300407176,35772.429115446816,36273.56841733373,36771.18048896106,37230.72887676508,37661.52016305574,38129.52359873594,38637.61988543965,39119.64391924998,39561.15581797879,39997.4832827358,40468.94073586613,41010.51829768938,41569.79855914844,42141.936231187734,42697.33931714752,43275.121023641244,43864.27241424174,44409.0383076155,44933.66478101456,45448.207515237045,45964.0548130014,46467.48376027954,46944.93545543409,47407.447670004854,47858.85938984144,48284.39814922206,48703.49502369443,49128.87999007648,49545.367788757016
PJM_AEP,221178.20958687217,223811.62701150335,226700.5897520086,229878.21616982788,233089.06101606658,236354.42745059336,239596.81085574455,242591.1756459856,245398.16244834493,248447.6193645342,251758.31671727222,254899.13024898487,257775.97133713114,260619.03124585334,263690.9941451165,267219.85166120407,270864.05794553546,274592.04164821253,278210.9846999689,281975.7442863043,285814.58743526123,289364.2197554561,292782.62591608084,296135.32758432656,299496.529639561,302776.81514185853,305887.83583729266,308901.51258412027,311842.85977552255,314615.621712652,317346.4090637226,320118.16890324454,322831.9558145499
PJM_AlleghenyPower,83871.09827029849,84869.69398196696,85965.1928485177,87170.1534007033,88387.71042918533,89625.94212312244,90855.4586189444,91990.92609581981,93055.33956758019,94211.69805861996,95467.11930257232,96658.12035488662,97749.0226732598,98827.11511933834,99992.00791184291,101330.15580654955,102712.04412168376,104125.70095551618,105498.00941617064,106925.61171849222,108381.30661534402,109727.33234593734,111023.59692625506,112294.94626764659,113569.51896812853,114813.4079942298,115993.1115597621,117135.90215861997,118251.26528502358,119302.70063818745,120338.21916736233,121389.27452365821,122418.34646138604
PJM_AtlanticElec,16560.535329577557,16757.710279042916,16974.018972468606,17211.94111974879,17452.35046935537,17696.842077746645,17939.61285084106,18163.81343547846,18373.98424840328,18602.309810360333,18850.19553372325,19085.361346633556,19300.762441374372,19513.634198273223,19743.64487708025,20007.86516205936,20280.72209056359,20559.85178390721,20830.817148787784,21112.700405973592,21400.130608576976,21665.906389814183,21921.856720995598,22172.887482706814,22424.554703856356,22670.163365095494,22903.0984640549,23128.745015453365,23348.97595127094,23556.584205746403,23761.04964784144,23968.582871088187,24171.775419330443
PJM_BaltimoreGE,54580.75051239383,55230.60611850105,55943.52333974831,56727.67488458874,57520.02383168394,58325.82721994425,59125.9590233106,59864.8865960788,60557.57439130657,61310.09719837563,62127.087021059146,62902.15414950982,63612.080077516955,64313.66973166779,65071.746401612785,65942.57220330057,66841.86293538632,67761.82764967781,68654.88410490195,69583.924104388,70531.2459068422,71407.19836364691,72250.76778285684,73078.12312513404,73907.57613111129,74717.06113844881,75484.77620736788,76228.46944437725,76954.31371956208,77638.55575137617,78312.4396000138,78996.43434146595,79666.12294517795
PJM_ComEd,171684.07505594793,173728.19972640488,175970.6850819974,178437.2384257271,180929.57674695822,183464.23609282056,185981.05543469836,188305.3565055537,190484.21008139852,192851.27504253018,195421.1213843406,197859.09964233666,200092.1758672681,202299.0302932503,204683.56496305933,207422.7526967215,210251.47703808924,213145.23151333004,215954.34589978546,218876.64673853124,221856.45309714394,224611.76675493893,227265.21937555936,229867.67052084368,232476.71987976087,235022.95978030676,237437.81209136016,239777.10358740375,242060.2510679695,244212.53844481183,246332.24409492422,248483.75361846364,250590.26310073424
PJM_DaytonPL,30337.20186592216,30698.406146205907,31094.66148259523,31530.510449235895,31970.91571538957,32418.799260859436,32863.53041259685,33274.24288409858,33659.25425306305,34077.52325985475,34531.62447576833,34962.424120601165,35357.01682930557,35746.976050554884,36168.33201854849,36652.35647566652,37152.20237773494,37663.539341499265,38159.92009305466,38676.301303304324,39202.84394852714,39689.71791521986,40158.59266535139,40618.45526888619,41079.48380082097,41529.413672515555,41956.126878227515,42369.48821250143,42772.92869459055,43153.24571935515,43527.805434243324,43907.98500949396,44280.212913423304
PJM_DelmarvaPL,31244.696629984766,31616.70582874989,32024.814586710345,32473.70136273424,32927.28073356858,33388.562085936384,33846.59674514298,34269.5951030976,34666.12354614768,35096.90448252705,35564.58949821284,36008.275909062315,36414.67230416697,36816.296607550285,37250.256847238124,37748.76021584094,38263.558305687584,38790.19119619356,39301.420480418805,39833.24850895557,40375.54193751388,40876.980054766194,41359.88053418634,41833.499281308155,42308.318833939695,42771.707725505745,43211.1854571503,43636.91191488475,44052.42075208206,44444.11442622201,44829.87856865073,45221.430681667654,45604.79326028936
PJM_Dominion_VP,163468.50999264646,165414.81755792245,167549.99369257316,169898.51553296798,172271.58846728908,174684.95724637958,177081.33971576914,179294.4164539769,181369.00576821255,183622.80002447017,186069.67200295103,188390.98615570058,190517.20341301218,192618.45365808258,194888.88164840412,197496.99155764276,200190.35349649834,202945.63369472296,205620.32407007157,208402.78460815214,211239.99886550417,213863.46302812587,216389.9404902175,218867.85704077498,221352.05606191588,223776.45123363126,226075.7460809347,228303.09591039384,230476.98837316257,232526.28275561324,234544.5545384443,236593.10829005676,238598.8153787308
PJM_DukeOhioKentucky,46609.06426457114,47164.006463485486,47772.79993496565,48442.4237382941,49119.04768810108,49807.16101661799,50490.431112634,51121.4360439091,51712.95465917116,52355.56919902203,53053.235148857406,53715.10134271106,54321.340408516066,54920.46073886493,55567.817982860965,56311.45700161899,57079.403560265164,57865.004602519286,58627.62741958701,59420.97827375986,60229.940817427916,60977.95772757736,61698.32124223176,62404.83879568823,63113.14764261873,63804.40487843915,64459.992803636385,65095.06735925333,65714.89984874023,66299.2062302749,66874.66727309943,67458.76248178905,68030.64100809432
PJM_DuqLight,24333.13680448664,24622.854795135718,24940.6868533619,25290.276528053513,25643.52076059994,26002.763238945936,26359.477216862255,26688.905184561107,26997.71857986698,27333.20756162347,27697.437165221843,28042.976834284633,28359.475317084478,28672.257330427958,29010.2223298992,29398.45303699683,29799.37395152109,30209.511720569753,30607.653275881723,31021.836979698714,31444.171059032356,31834.687326499487,32210.766619822065,32579.617369226515,32949.40329700986,33310.28711117164,33652.54909224556,33984.10168371481,34307.69686848265,34612.74498180479,34913.17522003522,35218.11308661008,35516.67300485139
PJM_EKPC,18173.122013500844,18389.49692791801,18626.868739877802,18887.95862170756,19151.777897874537,19420.076943898497,19686.487587815114,19932.51976606461,20163.156019721082,20413.714846091614,20685.73850996638,20943.803658608656,21180.179494211938,21413.779697005008,21666.187728942394,21956.136536864764,22255.56298385167,22561.873007879978,22859.223699714956,23168.55541662217,23483.974214283087,23775.62998533964,24056.503550438,24331.978501635516,24608.15188768426,24877.676759884467,25133.293978191155,25380.912924612894,25622.58890839658,25850.413073769676,26074.788394542127,26302.530222499958,26525.508701030507
PJM_FirstEnergy_ATSI,115484.10173163112,116859.091819199,118367.51015591745,120026.64888023392,121703.13199111594,123408.08253855145,125101.03292327892,126664.48498622725,128130.10110658781,129722.31850175175,131450.9377477452,133090.85530605208,134592.94454671358,136077.39557080527,137681.3640477947,139523.89157862825,141426.64633035925,143373.143907937,145262.70793113182,147228.40735457675,149232.78813681556,151086.16284647142,152871.02024969843,154621.57127031975,156376.56061041928,158089.300872508,159713.66265367885,161287.19809673613,162822.9680033396,164270.7142448123,165696.54423433763,167143.76724912238,168560.72077419402
PJM_JerseyCntrlPL,36885.43197429334,37324.60154464833,37806.38787812219,38336.31405526739,38871.78000092797,39416.338398958454,39957.06396477559,40456.42797980653,40924.543355839975,41433.09497062488,41985.213112009544,42509.000080374644,42988.76491098737,43462.89612426506,43975.2010152395,44563.70127527753,45171.43801051955,45793.1461323242,46396.66977058735,47024.510930350436,47664.706852432064,48256.67168352848,48826.75219974997,49385.875313845005,49946.41601987469,50493.46243994138,51012.28091869835,51514.86554873606,52005.38792860294,52467.795694738365,52923.20344608202,53385.4440944747,53838.01671768495
PJM_MetEd,26489.8885499225,26805.28550613353,27151.28840200562,27531.863730011704,27916.417535229793,28307.501236860437,28695.83232607128,29054.458927305895,29390.6437969388,29755.86862626773,30152.381483752037,30528.547836515998,30873.098956371687,31213.604199919304,31581.52450718183,32004.165790354888,32440.622069231456,32887.112132535156,33320.54270550436,33771.43731237163,34231.20469798545,34656.334120684,35065.746957429794,35467.290552971404,35869.85221581893,36262.722731997244,36635.32088103047,36996.260420680745,37348.53725406506,37680.62310839591,38007.681785281464,38339.647621216354,38664.67020351771
PJM_PennElec,29952.304619825085,30308.9261922713,30700.154117484024,31130.47333659835,31565.29104807712,32007.492159682934,32446.58087292804,32852.08251121194,33232.20912461177,33645.171426139306,34093.51132272532,34518.84528230318,34908.43167409076,35293.44336487855,35709.45346239854,36187.33695498689,36680.84116107327,37185.69063828395,37675.77365726884,38185.60338308563,38705.46562267992,39186.16247225404,39649.08846676574,40103.116654507474,40558.29597816333,41002.51745363478,41423.816819979555,41831.93371411333,42230.25562491144,42605.74745267461,42975.55501529123,43350.91113740394,43718.4164734519
PJM_PennPL_UGI,70014.79781895765,70848.41605333466,71762.92812285898,72768.8177699601,73785.22283607103,74818.886916928,75845.2756330101,76793.15311956959,77681.71539618245,78647.03250333968,79695.04625760902,80689.28264654017,81599.9575612167,82499.93891592689,83472.38037705,84589.45355520019,85743.04082170634,86923.14814648683,88068.73824128104,89260.48711096671,90475.68741227553,91599.33693314964,92681.44631746136,93742.75669648993,94806.75790513285,95845.14467325438,96829.95002730921,97783.94078668352,98715.03535203899,99592.76361826753,100457.2046707062,101334.61571915133,102193.67521815747
PJM_PhiladelphiaElec,69697.92121648237,70527.76661822827,71438.13974160775,72439.47688118521,73451.28184854388,74480.2677189047,75502.01115171377,76445.59868519392,77330.1394605803,78291.08768551897,79334.35828479615,80324.09490712374,81230.6482420498,82126.55641447775,83094.59674961168,84206.61422004816,85354.9805214861,86529.74685534352,87670.15217908398,88856.50736993898,90066.20785471184,91184.77190431929,92261.98382186846,93318.49086735104,94377.67656415178,95411.36374759428,96391.71201851219,97341.38515704003,98268.2657263312,99142.02152445924,100002.55024475856,100875.99026078389,101731.16178376426
PJM_PotomacElec,52372.56853808543,52996.13283412751,53680.20745166643,54432.63445460908,55192.92721621925,55966.13009056048,56733.89083620634,57442.92350039984,58107.58711697697,58829.66499094734,59613.6017283818,60357.31184459178,61038.516188109825,61711.72151970897,62439.12856305482,63274.72322885684,64137.63121490829,65020.37677262849,65877.30270293399,66768.7563856139,67677.75224149517,68518.26615252485,69327.70715158503,70121.59004916307,70917.48574493223,71694.22129051088,72430.87679061352,73144.48231382339,73840.96099345353,74497.52053819054,75144.14096239065,75800.46322143063,76443.0581283863
PJM_PublicServiceEG,72949.63922751999,73818.20060805172,74771.04668658381,75819.10065723822,76878.11082639621,77955.10346409465,79024.51577231832,80012.12586090564,80937.93439751962,81943.71513103487,83035.65894378592,84071.57118146664,85020.41926142521,85958.12553471001,86971.32925690379,88135.22728811014,89337.16998494812,90566.7443931339,91760.35469725778,93002.05863416231,94268.19702677577,95438.94706418781,96566.41570866457,97672.21350670654,98780.81492706413,99862.72821500892,100888.81409293137,101882.79370710801,102852.91737732156,103767.43776952116,104668.11398188298,105582.30385934032,106477.37293730178
PJM_RocklandElec,2501.8320252886733,2531.6196253474754,2564.297797024341,2600.2411548775076,2636.5602591851043,2673.4960782038993,2710.171927314097,2744.0423422234803,2775.793252450226,2810.2868356423073,2847.73541015871,2883.2623632603554,2915.803422252714,2947.9623692970054,2982.7105263429944,3022.6267945997943,3063.8478172580767,3106.016478603752,3146.9517390956944,3189.5363866439284,3232.959021939058,3273.110282016851,3311.7771923968094,3349.7008939247457,3387.720746608058,3424.825320955898,3460.0152757968867,3494.1041356948135,3527.3748480976683,3558.738627675092,3589.6276165222425,3620.9800609871727,3651.676751303974
SERC_Central_TVA,265538.11650642555,268699.6969542369,272168.0753546402,275983.0123483199,279837.83011927985,283758.1044281601,287650.78618918767,291245.7062675215,294615.6674854421,298276.7290674347,302251.42594653013,306022.1667942234,309475.99240146345,312889.2616140461,316577.3430203094,320813.95466479147,325189.0496377986,329664.72458165744,334009.4894818813,338529.31614799943,343138.0847117817,347399.6377931428,351503.64575596043,355528.7714130349,359564.1023102855,363502.28788250085,367237.26058809017,370855.36586440355,374386.63503714575,377715.5071881651,380993.986253247,384321.6553241268,387579.7243100988
SERC_Entergy_Delta,292379.7725942032,295860.9382533223,299679.914230566,303880.48033138906,308124.95851815096,312441.5098517881,316727.67947234906,320685.98846702836,324396.5988589006,328427.73520527314,332804.2103604424,336956.1127918719,340759.0649213469,344517.36105339596,348578.24849606975,353243.11380987347,358060.4609015665,362988.5549903086,367772.5061240133,372749.21496789355,377823.8563125962,382516.18424358964,387035.04176461283,391467.04324056685,395910.28154323803,400246.55468242866,404359.073384727,408342.9112300361,412231.13523071475,415896.5031082739,419506.3839649843,423170.42715024616,426757.8347953239
SERC_Southern_SE,398843.4820015327,403592.23811618454,408801.81079944305,414531.9213168868,420321.93354744295,426210.26278742653,432057.14747697173,437456.7882533089,442518.53638969397,448017.5230074913,453987.5960200439,459651.3230555672,464839.0371568095,469965.83475432935,475505.40568046254,481868.8798302559,488440.3586675676,495162.9106024891,501688.83307298826,508477.70176451677,515400.16293846146,521801.09961778484,527965.4004254717,534011.2184559782,540072.364958269,545987.5972686276,551597.5998500907,557032.0652505337,562336.1011127715,567336.1326612304,572260.472801885,577258.6973002742,582152.3811000341
SERC_TVA_LGEEnergy,58705.836503385275,59404.80668251969,60171.604526779556,61015.02041888654,61867.25325381682,62733.9573852366,63594.56128658672,64389.33528415063,65134.37480949204,65943.77153749843,66822.50754799899,67656.15244468545,68419.7329207296,69174.34708675675,69989.71742565885,70926.35821305889,71893.61524399412,72883.10874855514,73843.66033050482,74842.91500917674,75861.83318690206,76803.98809007142,77711.3125210931,78601.19745301426,79493.33858517194,80364.00258386332,81189.73976948361,81989.63960909157,82770.34150391514,83506.29695471644,84231.11137498372,84966.80084579352,85687.1029542955
SERC_VACARSouth,362471.6937015905,366787.39584924915,371521.89125703665,376729.45502097736,381991.45787289954,387342.8118977379,392656.5008307043,397563.7314259171,402163.8828709877,407161.399648729,412587.0429750847,417734.276975067,422448.907153503,427108.17599528667,432142.57607097324,437925.74505076115,443897.9501180998,450007.4514533592,455938.25458188576,462108.02504068095,468399.20526433963,474216.4204480695,479818.57932762644,485313.060246136,490821.4717850022,496197.2755048328,501295.6843522549,506234.563804856,511054.9079979998,515598.97098440287,520074.2450999239,524616.6658268218,529064.0792493438
SPP_AEPW,77230.85462317076,78150.38950259537,79159.15551910516,80268.71691929796,81389.87750740744,82530.07590609856,83662.2491064493,84707.8193379644,85687.96105295114,86752.76831499444,87908.7953324308,89005.5024344517,90010.03582075404,91002.77351813216,92075.43940381735,93307.64343657401,94580.12487264199,95881.85964984624,97145.51968779383,98460.09584268063,99800.54044485018,101039.9986093716,102233.6353140329,103404.32936937764,104577.99158398635,105723.39941246837,106809.70347247286,107862.01703966473,108889.07462259648,109857.26572275544,110810.80016591446,111778.64135432224,112726.23959565336
SPP_EMDE,8518.744881779383,8620.17174136726,8731.441005212457,8853.828236909316,8977.494886310149,9103.26145098764,9228.142817416054,9343.471672725498,9451.58360879951,9569.034353814204,9696.546852362033,9817.516224742236,9928.318619522057,10037.81992207468,10156.13749175749,10292.05249423377,10432.410189012035,10575.994596110075,10715.379269931173,10860.380111185508,11008.23430300763,11144.949453276455,11276.610388768508,11405.740696088784,11535.198398355828,11661.539575389803,11781.3614677717,11897.434128863984,12010.720995500153,12117.514750655479,12222.69184207697,12329.447001143288,12433.96931554353
SPP_GMO,14904.200016020808,15081.654115571071,15276.328259121407,15490.45414338384,15706.818467419815,15926.856754901624,16145.346319896586,16347.123031255462,16536.273186792198,16741.7623075515,16964.855240756286,17176.50047098537,17370.357791162285,17561.93875031858,17768.94444757028,18006.738208294024,18252.304801236278,18503.516775801712,18747.380993667983,19001.07112883899,19259.753420503497,19498.94710139247,19729.298044413095,19955.221458617933,20181.71767548779,20402.76129152581,20612.3989171551,20815.47697399554,21013.681068960883,21200.524965495613,21384.540384363492,21571.31675406904,21754.186590127945
SPP_GRDA,7740.382405774784,7832.541836573821,7933.644365658008,8044.8490076639055,8157.216166263845,8271.491369709198,8384.96225596371,8489.75344937352,8587.987137487764,8694.706342355768,8810.567952718942,8920.484286005561,9021.162604111536,9120.658711513533,9228.165538795767,9351.661911612193,9479.195045454539,9609.660065110478,9736.30908346377,9868.061116896326,10002.405788662214,10126.629199320641,10246.260201628304,10363.591800673137,10481.22088040566,10596.018193555668,10704.891892732085,10810.358929975075,10913.294712356763,11010.330662478824,11105.897664335023,11202.898544914275,11297.870597091227
SPP_INDN,2291.8450693695218,2319.132498594606,2349.0678842946095,2381.994398400951,2415.265121331152,2449.100796086967,2482.698321060071,2513.7258811132338,2542.8118334536052,2574.4102572344896,2608.7156502396133,2641.260709809044,2671.070491141224,2700.5302324326362,2732.3618628500853,2768.9278279777495,2806.6890351966285,2845.318342684148,2882.81777269124,2921.8281512968933,2961.6061825932557,2998.387415908728,3033.808885858068,3068.5495269085054,3103.3782488329325,3137.368514730316,3169.604861406848,3200.8325316452115,3231.310724187373,3260.0420390217564,3288.3384138668994,3317.0593449819053,3345.1795615421706
SPP_KACY,4468.37717992483,4521.579085968909,4579.943674449114,4644.140022716113,4709.0074699479665,4774.976395582121,4840.481004029791,4900.974989047913,4957.683449594007,5019.290439364453,5086.175167874752,5149.627799748923,5207.747499210067,5265.184730667101,5327.246400043494,5398.538533321653,5472.161012815725,5547.476014846389,5620.588111097282,5696.646081974731,5774.20073419906,5845.912572749107,5914.973300333353,5982.706625661682,6050.6116809959285,6116.88201074262,6179.732749555078,6240.6168865066675,6300.039777635261,6356.0568065658035,6411.225839290787,6467.22262323386,6522.0482026989675
SPP_KCPL,26853.505446939398,27173.231740449442,27523.984090027945,27909.783434722132,28299.6158677127,28696.06783058736,29089.729396950188,29453.278732823077,29794.07828774956,30164.31642315201,30566.27206589357,30947.60191497411,31296.882560544087,31642.061793559176,32015.0324067233,32443.475130383697,32885.922483081114,33338.5413502513,33777.92146429608,34235.00533456934,34701.08377693945,35132.04879389582,35547.0814891403,35954.13692501874,36362.22440283627,36760.48770720065,37138.20037313832,37504.094396276545,37861.20680338571,38197.85107734402,38529.399167652635,38865.921775766874,39195.40582277443
SPP_LES,5549.4361751854885,5615.509510112599,5687.9945635492295,5767.722286398642,5848.283470865716,5930.2126204453525,6011.565118035312,6086.6947445916685,6157.122993981048,6233.634900633064,6316.7014183008405,6395.505493372044,6467.686410446284,6539.019746289595,6616.096335678039,6704.636565718918,6796.070935415107,6889.607308906784,6980.407815542881,7074.866908408808,7171.184782947517,7260.246259858333,7346.015227988972,7430.135648156582,7514.469345912191,7596.772819954179,7674.82938267453,7750.443552761171,7824.242949809537,7893.812485740877,7962.328865094322,8031.873258057357,8099.963090620303
SPP_MIDW,3171.1063856120372,3208.8625769964788,3250.282607528976,3295.8413062970776,3341.8762688466672,3388.692925746243,3435.180067223166,3478.1112823954086,3518.3559963295547,3562.07708584212,3609.543667363447,3654.574567401178,3695.820805726607,3736.582711920107,3780.6264772820405,3831.220894444934,3883.4691056964684,3936.9184619739167,3988.804465762565,4042.7810902538363,4097.819875700913,4148.712148218037,4197.722987146612,4245.791798667803,4293.982483096415,4341.013039688749,4385.6167898117355,4428.824887001264,4470.995971026132,4510.7499915557155,4549.902208326543,4589.641861445666,4628.550337193366
SPP_NPPD,27848.07971033459,28179.647718271237,28543.390895449713,28943.479104583803,29347.74977565302,29758.88514437675,30167.12676857098,30544.140894493274,30897.562655000187,31281.51331376486,31698.35620234801,32093.809378995946,32456.026344610713,32813.98999350378,33200.77433290893,33645.08530539566,34103.919596877284,34573.30212558521,35028.95557698404,35502.968479278265,35986.30908596509,36433.23577001685,36863.64004637477,37285.771609319745,37708.97343797885,38121.98723491329,38513.68925867401,38893.13491212964,39263.47370452215,39612.58628476769,39956.41393382332,40305.400342082474,40647.08750178981
SPP_OKGE,48690.89714537396,49270.626302251825,49906.61204387394,50606.145155049126,51312.991080106476,52031.8395665938,52745.62849354539,53404.81778841166,54022.757077898576,54694.074534228304,55422.90231786362,56114.331319441444,56747.64856072012,57373.52910226305,58049.80109958962,58826.655377763935,59628.90291244802,60449.5934830324,61246.2794867629,62075.0660211042,62920.16155412355,63701.58926587388,64454.12842006537,65192.20317160891,65932.14922624934,66654.28204529226,67339.15235408737,68002.59304647417,68650.11087308517,69260.51578838652,69861.6802805181,70471.86459076245,71069.28655027482
SPP_OMPA,2738.682787507774,2771.2904073390023,2807.06225188893,2846.408400824065,2886.165868479568,2926.5984358009505,2966.7464216209582,3003.8233801779065,3038.5801785747376,3076.3393013346763,3117.333167193012,3156.22348995193,3191.84524123212,3227.0487056711095,3265.0865030282225,3308.781681486028,3353.9051366567164,3400.0659443497593,3444.876583984326,3491.492759680205,3539.02625620153,3582.9786733743467,3625.306216084364,3666.820189669844,3708.439417129911,3749.0567160041255,3787.578136563954,3824.8942204994623,3861.314702156422,3895.6477198856865,3929.460998005128,3963.7816075162677,3997.3843820248326
SPP_OPPD,20986.95862080232,21236.83596009929,21510.96125302607,21812.477004816028,22117.14475690469,22426.98590432683,22734.646258770368,23018.77284640193,23285.119680388372,23574.47380001672,23888.616266752902,24186.63895058252,24459.61405508456,24729.383761477715,25020.87340854511,25355.716460250653,25701.504621922577,26055.2421797645,26398.633186591593,26755.860301338882,27120.116990410534,27456.93130300552,27781.29394603501,28099.422080405908,28418.356791836668,28729.61356631606,29024.809294346815,29310.768337510617,29589.864239004146,29852.96357482283,30112.08006394794,30375.084313631956,30632.587680349774
SPP_SPRM,5693.57737406768,5761.366899506743,5835.734681597883,5917.533254384636,6000.186937142685,6084.244116574547,6167.709666043021,6244.790711464564,6317.0482660268835,6395.547494923075,6480.771584471241,6561.622518628484,6635.678264711483,6708.864414466718,6787.942993183354,6878.782969451509,6972.592257833308,7068.558147511598,7161.717108857771,7258.629684647225,7357.449322152751,7448.824084170538,7536.820817699852,7623.126183838667,7709.650367243074,7794.091593850563,7874.175599751799,7951.753774249826,8027.4700387477,8098.846575606387,8169.142601170963,8240.493341997235,8310.351741633933
SPP_SPS,45635.10371857613,46178.44963647565,46774.52153048506,47430.15262283783,48092.63758397414,48766.37183743937,49435.36406441256,50053.1832791948,50632.34129888222,51261.5275234907,51944.61478310464,52592.65037190942,53186.22123806588,53772.82212454111,54406.651947964245,55134.75160595284,55886.65086432908,56655.83569158038,57402.52245528552,58179.295151469414,58971.35330941009,59703.73937672419,60409.04990430154,61100.80380109642,61794.311559822854,62471.124024321514,63113.01253753423,63734.81633625666,64341.69657279852,64913.79306830849,65477.22906063456,66049.11879604672,66609.04713346681
SPP_SUNC,9354.763837919932,9466.144602508371,9588.333692584,9722.731853955134,9858.534993481713,9996.644131340843,10133.78119870311,10260.428283466157,10379.150189576512,10508.127403643608,10648.153819136976,10780.994974253455,10902.671377318211,11022.919000593722,11152.848108416485,11302.101639052837,11456.233862250867,11613.909463275482,11766.973174457957,11926.20421671341,12088.56863378861,12238.700837719976,12383.282812564905,12525.085806557943,12667.248325627887,12805.988467580677,12937.56953044861,13065.033417162687,13189.438115040894,13306.712475607734,13422.211515086172,13539.443491792154,13654.223495252341
SPP_WERE,45072.95304162366,45609.60581651094,46198.33506875063,46845.889846328915,47500.21406411138,48165.64900113357,48826.40032576132,49436.60900695157,50008.63273644788,50630.06840428599,51304.74113354676,51944.793971897365,52531.053004902606,53110.42791710446,53736.44998212942,54455.580629810705,55198.217705291456,55957.92741939285,56695.41620970723,57462.62032246704,58244.92160481436,58968.28586019021,59664.908102692454,60348.14071017975,61033.10557485593,61701.580804329686,62335.56228911851,62949.70647061865,63549.110924089975,64114.16011596685,64670.65548805333,65235.500466782396,65788.53139259877
SPP_WFEC,10810.589952606597,10939.304241436914,11080.508891001155,11235.822636825296,11392.760009177493,11552.36224863232,11710.841140055205,11857.197555437546,11994.395443870431,12143.444612686106,12305.262504260878,12458.776936231212,12599.389112362172,12738.350156224944,12888.49935634545,13060.980323972653,13239.099225993812,13421.312940603942,13598.197044455983,13782.208264340787,13969.84048748457,14143.336871092259,14310.419276556184,14474.290224948993,14638.576649162615,14798.908092115593,14950.966331194524,15098.266662545033,15242.031721742751,15377.556791750732,15511.030258035367,15646.506348234956,15779.148879213348
WECC_Alberta,,,,,,,,,,,,,,,,,,,,,,,,,,,,,,,,,
WECC_AZPublicService,61083.57290168954,61828.925206547654,62651.818200949354,63563.62492800982,64493.47712022342,65450.52673866118,66414.33342033182,67320.01167764903,68189.13886505674,69159.43441352411,70235.79830841797,71300.47862782869,72327.85352773716,73393.1984500446,74569.69595175493,75958.29969914764,77443.74974490097,78983.32750940676,80505.67770965285,82087.74709770603,83709.92658234795,85211.53319130477,86672.09789812606,88097.30313711721,89513.7380520393,90894.7762155627,92191.86690514222,93430.15775737732,94631.29445301759,95748.1733625776,96838.71120961595,97936.96793174955,99003.72457870269
WECC_BritishColumbia,,,,,,,,,,,,,,,,,,,,,,,,,,,,,,,,,
WECC_CA_BANC,51028.16643434346,51634.64970939054,52299.804078261666,53031.057291327,53769.5259522376,54520.054229912115,55264.44958360423,55950.895010541855,56593.72918738022,57290.98106334575,58046.709995792786,58761.4732661386,59413.855684593545,60058.51292767207,60755.178942133134,61554.99117169115,62378.532145878766,63219.50235389615,64035.41146979554,64884.105941638554,65749.76428010309,66549.42524724163,67321.87625875969,68078.15092642525,68837.46641348481,69577.98690139457,70280.22665860615,70961.53442704279,71627.51795061349,72256.69745832223,72877.79769612679,73508.83719464764,74127.0872145463
WECC_CA_IID,11793.288962211584,11933.455325480418,12087.181360035622,12256.183717925971,12426.853661923698,12600.310743990622,12772.350425634178,12930.997107307137,13079.564648176838,13240.708844162908,13415.367866820896,13580.559179301415,13731.333445992044,13880.322321753236,14041.3311173419,14226.17837715526,14416.509665921285,14610.869082784147,14799.436547442805,14995.58114456358,15195.646317220642,15380.458618274031,15558.982336144754,15733.767485480985,15909.255408683119,16080.399557230854,16242.696519011855,16400.155819371215,16554.073482621905,16699.48524757447,16843.029785635663,16988.871419240135,17131.757233978144
WECC_CA_LDWP,82908.08949993477,83893.47410536662,84974.18465797085,86162.28940623657,87362.11746414746,88581.53940237708,89790.99686322178,90906.30009416565,91950.74588148405,93083.60690659902,94311.47861642475,95472.79130566953,96532.7506127914,97580.15842970177,98712.06757546382,100011.56368800117,101349.6131137563,102715.98071316426,104041.63026578608,105420.54787436205,106827.02755052532,108126.2778992211,109381.31883195098,110610.07722588677,111843.77619566693,113046.9379625541,114187.90305516077,115294.85886779464,116376.91659073334,117399.17693402355,118408.31047149027,119433.59283762581,120438.09547930011
WECC_CA_PGandE_BayArea,128179.10196777924,129702.54454833985,131373.36471746245,133210.22045246852,135065.20087604813,136950.47419382498,138820.34204549494,140544.64382866726,142159.3972728726,143910.84408257922,145809.18107293078,147604.61525202013,149243.35319579314,150862.68605191584,152612.66121945373,154621.73229708106,156690.408282938,158802.86525675503,160852.3705608085,162984.23033252548,165158.702123082,167167.39324033755,169107.73489650668,171007.44273466864,172914.78889351504,174774.92335966614,176538.89937007727,178250.2957228003,179923.19866918516,181503.65256180946,183063.81190667237,184648.93796309605,186201.93776457105
WECC_CA_PGandE_North,135610.14210955988,137221.90457063183,138989.5886712053,140932.93406397887,142895.45490388392,144890.02483466206,146868.29618465796,148692.56243606724,150400.92940602486,152253.91438653562,154262.30534170178,156161.82781016058,157895.56975423542,159608.7816223969,161460.20964392935,163585.75437128855,165774.3595347981,168009.28384010075,170177.6069229606,172433.0588816806,174733.5932433952,176858.73598260482,178911.5667771312,180921.40805347706,182939.33047361,184907.30415594275,186773.54470356213,188584.15734661915,190354.0449711383,192026.12391135638,193676.7317500944,195353.75371758494,196996.78694641107
WECC_CA_PGandE_ZP26,18919.986163031917,19144.855210340625,19391.478052874354,19662.608717360807,19936.414692032427,20214.692075305386,20490.695521555048,20745.212563550805,20983.55962911811,21242.083436011893,21522.2890938675,21787.305694105064,22029.19301227971,22268.21602586648,22526.522609757114,22823.07326743618,23128.421958660812,23440.232980122528,23742.751966435128,24057.426954504157,24378.391726121718,24674.886299424576,24961.292091965566,25241.7000949867,25523.23555887658,25797.802300417672,26058.175490715792,26310.787615593395,26557.71788824933,26791.00213911948,27021.29079588001,27255.264685490627,27484.496551715474
WECC_CA_SCE,284104.1353864391,287480.7882925412,291184.09805401944,295255.41937248764,299366.91337821353,303545.55043910316,307690.0418665679,311511.8916044184,315090.9315889827,318972.9472522858,323180.53944973694,327160.0514549128,330792.25217635033,334381.4422543651,338260.1960784172,342713.2261954693,347298.36833903275,351980.5493878452,356523.2004396867,361248.38705677685,366068.02160323795,370520.2095524854,374820.90350428724,379031.5341341033,383259.0948130502,387382.01255935495,391291.7987225179,395085.0440614976,398792.97022006573,402295.9865447941,405754.0207713779,409267.3927705979,412709.5581398348
WECC_CA_SDGE,57596.90157673657,58281.456008959205,59032.23412610946,59857.619835290076,60691.14981984671,61538.29182710259,62378.51143358112,63153.32135633228,63878.90605593463,64665.91351633111,65518.925646344636,66325.69870149142,67062.06076526437,67789.70321011097,68576.04939243755,69478.81955810665,70408.37301356395,71357.59932688775,72278.53849299486,73236.48339635247,74213.57588474856,75116.17531634479,75988.06211910697,76841.69023554263,77698.75060885886,78534.59654725005,79327.233967045,80096.24487267104,80847.95887964375,81558.13117686372,82259.1841788787,82971.45589912763,83669.29178142875
WECC_CA_TIDC,7887.554553221082,7981.300228439591,8084.114845099093,8197.146529623606,8311.293524426386,8427.304605120607,8542.3677040263,8648.47333413445,8747.837861468812,8855.613872117558,8972.42883135763,9082.911623145677,9183.75204667425,9283.398370032808,9391.083822566303,9514.712850097389,9642.009690540903,9772.00061235671,9898.117776891855,10029.302657976934,10163.10968743144,10286.715333942415,10406.115067830147,10523.01438276255,10640.383724947205,10754.847875911388,10863.394876156317,10968.706365213868,11071.649146441745,11168.90303654981,11264.908093188582,11362.449486846628,11458.013977993984
WECC_ElPasoElectric,16942.114313786504,17148.84491831866,17377.0821761753,17629.980509853332,17887.88392622294,18153.330809391256,18420.65182880078,18671.850372665827,18912.91112701921,19182.03189581821,19480.571736961327,19775.871026479414,20060.82330039728,20356.30692389772,20682.619780480956,21067.76233693788,21479.766142332115,21906.78278923326,22329.02120609364,22767.82331198679,23217.75033754758,23634.235320576136,24039.33693873907,24434.63126964629,24827.49306712613,25210.537236395216,25570.297769289587,25913.749603812244,26246.89637695161,26556.673445671495,26859.144568272175,27163.756594851206,27459.63177371082
WECC_N_BajaCA,,,,,,,,,,,,,,,,,,,,,,,,,,,,,,,,,
WECC_NevadaNorth,26067.512002631844,26385.592285596773,26736.76318129686,27125.878153991453,27522.694057674966,27931.116506307637,28342.4225424346,28728.92218090755,29099.823592094283,29513.898762459332,29973.238768560543,30427.592790219893,30866.02666470312,31320.664306706927,31822.736488965482,32415.325349317784,33049.24352170934,33706.26078426913,34355.92615634867,35031.07678691913,35723.34446507843,36364.157476544075,36987.45579092003,37595.66439609461,38200.130251507224,38789.49048689619,39343.02600410528,39871.46859709734,40384.055594599864,40860.68544772421,41326.07421047305,41794.75701546,42249.997113204336
WECC_NevadaSouth,42673.61361082133,43194.32441325984,43769.20594061691,44406.2035180335,45055.80784339871,45724.412571045,46397.7378527101,47030.454017998585,47637.635229120424,48315.493700009756,49067.45261094748,49811.249255631345,50528.98394974805,51273.24489286556,52095.15817359139,53065.2510637068,54103.00177604113,55178.566670584405,56242.09621117323,57347.346191883225,58480.6174994805,59529.655353392714,60550.02091145865,61545.6839808523,62535.220011456535,63500.02750670319,64406.18843141523,65271.271183714976,66110.39765927373,66890.66077704105,67652.52175703629,68419.77522273065,69165.02241123613
WECC_NorthwesternMT,22689.70006741971,22966.563705848475,23272.230096067753,23610.92379346746,23956.320540025088,24311.819862681616,24669.829119364716,25006.24637591885,25329.086613742853,25689.50618197783,26089.325196786413,26484.804307905102,26866.42619458216,27262.152174698094,27699.166156948922,28214.96772264228,28766.743173916606,29338.62454967252,29904.106688327913,30491.77172158565,31094.335786089294,31652.11264749393,32194.644355325916,32724.04166905657,33250.181216203375,33763.17252014098,34244.9812505204,34704.94858214103,35151.114876439366,35565.98333068532,35971.06730803048,36379.01848767652,36775.26885769414
WECC_PNW_Avista,36850.85776794286,37288.83997402806,37769.192507810236,38297.27944547621,38830.577141451904,39372.58389466317,39910.161652573035,40405.88988584359,40870.123513550425,41373.65580767464,41919.418302130674,42435.596747365504,42906.72580005686,43372.27598603753,43875.385190317815,44452.983187110956,45047.717300179844,45655.03823072122,46244.26086760085,46857.16000656105,47482.30989015396,48059.79865021972,48617.637278318995,49163.79388473951,49712.14647057328,50246.92592829341,50754.0603056435,51246.07829149759,51727.029613440056,52181.40228973271,52629.94038393252,53085.65628420627,53532.1360450973
WECC_PNW_Bonneville_IDMT,10195.488522170015,10316.664603963718,10449.56324028886,10595.66850452955,10743.215423856616,10893.171868998345,11041.902948612775,11179.055563736494,11307.494599069008,11446.806355598901,11597.801897767744,11740.61245178316,11870.959237180221,11999.762523322152,12138.957224024613,12298.760661540677,12463.305130538401,12631.331981245652,12794.351595853781,12963.921763687225,13136.881332306877,13296.654547411099,13450.991180925146,13602.095761641627,13753.807901700247,13901.764778509256,14042.073119661864,14178.199224488666,14311.26352691184,14436.974343064385,14561.070911452767,14687.153355988246,14810.68044743917
WECC_PNW_Bonneville_OR,52169.45246294457,52789.50022475961,53469.53130665221,54217.13958661016,54972.12469371408,55739.439140620874,56500.48349576238,57202.28182737803,57859.49350817152,58572.339983748614,59344.97140225932,60075.72092865164,60742.69440517341,61401.76992655141,62114.01743735977,62931.718111415845,63773.678242580834,64633.457426423636,65467.615006644846,66335.2912136931,67220.31069789863,68037.85672642943,68827.58422677367,69600.77358631052,70377.07177561545,71134.15460048143,71852.1005152847,72548.64628053032,73229.52506183495,73872.77667582945,74507.76832054314,75152.92152554184,75784.99920493127
WECC_PNW_Bonneville_WA,88436.98626071353,89488.08326871015,90640.86323106283,91908.19919227497,93188.04025618911,94488.78185869957,95778.89448212125,96968.57400683868,98082.6708133175,99291.07900988401,100600.8338744182,101839.59109295491,102970.23597026723,104087.49233538393,105294.88517456173,106681.0408626675,108108.32087111294,109565.80750896414,110979.86073318939,112450.73430342626,113951.00797451264,115336.90150950871,116675.63743255218,117986.33811155311,119302.3088388775,120585.70592701933,121802.75862751472,122983.53406913427,124137.75104065069,125228.18292105847,126304.61260755174,127398.2680406244,128469.75801049848
WECC_PNW_ChelanCountyPUD,5731.792054752297,5799.915921631343,5874.6300803613985,5956.768860755418,6039.71812385969,6124.021996004044,6207.636981060913,6284.742680110566,6356.9496999741195,6435.269244689929,6520.157285809725,6600.443816176601,6673.723352245596,6746.135149927379,6824.388887138214,6914.2286306173955,7006.733730103679,7101.196586471436,7192.844429509837,7288.174921873913,7385.4108982620755,7475.233651032109,7562.000017137021,7646.9493585348455,7732.240263144914,7815.419999858436,7894.299813541247,7970.828419737409,8045.635714134516,8116.308959036195,8186.074691513248,8256.956861824237,8326.40244060013
WECC_PNW_DouglasCountyPUD,5478.1729372853815,5543.282473771549,5614.6906962746125,5693.195017359161,5772.473959087138,5853.047571402096,5932.962778359103,6006.6567208136385,6075.668739798274,6150.522817933738,6231.654751039384,6308.3887800625935,6378.425858783402,6447.633594620858,6522.424777087851,6608.289310678573,6696.7012641698875,6786.984348131991,6874.576976876658,6965.689305861793,7058.622805418621,7144.471100101486,7227.398246467242,7308.588767449233,7390.105738226999,7469.604955616913,7544.994512057121,7618.136896740179,7689.634133863077,7757.180244034595,7823.858997198502,7891.604788292192,7957.977553847912
WECC_PNW_GrantCountyPUD,14456.289695614201,14628.106528008255,14816.544892946893,15023.709073586677,15232.917392035502,15445.542202311086,15656.429554003187,15850.899679924878,16033.014730023224,16230.546325102921,16444.644481909487,16647.137058498512,16831.957127345086,17014.58865247171,17211.954272870717,17438.5412365129,17671.85055822609,17910.09758534831,18141.244800091183,18381.680112690843,18626.921292076917,18853.465403045586,19072.300928177447,19286.55369187992,19501.667920321248,19711.457521766853,19910.40218459518,20103.41681084214,20292.090075472013,20470.33675509129,20646.294575940494,20825.06819132662,21000.218544876436
WECC_PNW_IdahoPowerFE,4438.904689729031,4493.0689712922585,4552.868085824634,4619.128505191217,4686.700277121042,4756.248468848858,4826.287692097072,4892.10275943541,4955.2616835927165,5025.772448695585,5103.991133587989,5181.3607804241465,5256.019465970477,5333.437409079674,5418.932739979875,5519.841697882472,5627.788415162172,5739.668559600781,5850.296787817853,5965.264771720965,6083.147531027602,6192.2683355580475,6298.406650963994,6401.975416159936,6504.906847441189,6605.266019139038,6699.524780889026,6789.510595570849,6876.796441142852,6957.959326579901,7037.208023628722,7117.017646458928,7194.538178707115
WECC_PNW_IdahoPowerMV,11123.789043185503,11259.523438019247,11409.378589576476,11575.425616594724,11744.758861789385,11919.044967752716,12094.56158696836,12259.492572449693,12417.767326612826,12594.465618444316,12790.479773015319,12984.366258513102,13171.45913982243,13365.466654625956,13579.715910148772,13832.591346486355,14103.103239589667,14383.472207127059,14660.70390253956,14948.8109219621,15244.222298869967,15517.676426557819,15783.656507794234,16043.197357627887,16301.141063906407,16552.63874915719,16788.84895290517,17014.351253442484,17233.087495931693,17436.479746688277,17635.07508710146,17835.076094114207,18029.34069484771
WECC_PNW_IdahoPowerTV,20337.611128240584,20585.774171259352,20859.754178080995,21163.337772788444,21472.92955653067,21791.57665010433,22112.47348968778,22414.016626895303,22703.39018379133,23026.447474103275,23384.819934765685,23739.30238042936,24081.36408711573,24436.0678105244,24827.77948596357,25290.11136480017,25784.687957914335,26297.28622924661,26804.148629444346,27330.89437242673,27870.994664070684,28370.950541401413,28857.241627922685,29331.75987483636,29803.358065965607,30263.171004023483,30695.03385666287,31107.319461778785,31507.23469049514,31879.096516202735,32242.188156067852,32607.84977461262,32963.02352794096
WECC_PNW_Olympia,22876.444395515802,23148.336996953414,23446.53244462824,23774.360674342424,24105.42366248425,24441.893099095785,24775.61308370329,25083.353528582877,25371.54260786131,25684.12769340848,26022.928636284836,26343.364257483605,26635.833910289944,26924.84028864821,27237.16272654278,27595.726658481817,27964.928427227955,28341.94389821785,28707.72422751271,29088.202564293228,29476.28597447961,29834.782093942315,30181.07971441413,30520.125315922258,30860.534147596078,31192.51699058544,31507.33819386816,31812.775374350193,32111.342540483776,32393.410093144463,32671.85562719004,32954.75703259054,33231.924785050076
WECC_PNW_PacificorpEastID,9072.343051119495,9183.04534770091,9305.26425509178,9440.688936904759,9578.793793478464,9720.938105655234,9864.08600018246,9998.600460519383,10127.686229813002,10271.797873230418,10431.663153508518,10589.79314883501,10742.382414513362,10900.611118955665,11075.348588086357,11281.588808819553,11502.212976008743,11730.876378785659,11956.981084265173,12191.955489612967,12432.88718492892,12655.910980642542,12872.839091412465,13084.515491992219,13294.88929377422,13500.005847881777,13692.654233450477,13876.569464254362,14054.966431499137,14220.849141575653,14382.81958614157,14545.93646467502,14704.374843333662
WECC_PNW_PacificorpEastUT,60323.12309428576,61059.196259274475,61871.844783855886,62772.30012433165,63690.576275935746,64635.71126391815,65587.51919419567,66481.92236029555,67340.22949296715,68298.44550797068,69361.40938911804,70412.83514751699,71427.419914045,72479.50200147716,73641.35289271455,75012.66944811598,76479.62662995287,78000.0376764871,79503.43563046493,81065.80930812833,82667.79373838704,84150.7063449741,85593.08799377763,87000.55037657985,88399.35162000754,89763.19677802094,91044.1395522409,92267.0145079369,93453.1978515469,94556.17236240655,95633.13373943255,96717.71789669881,97771.19413374488
WECC_PNW_PacificorpEastWY,23397.09523709765,23682.590633544456,23997.78676313144,24347.039889912274,24703.205046339197,25069.787746163503,25438.958632049507,25785.86434554999,26118.769750570376,26490.426094120554,26902.710237995656,27310.519173311342,27704.038858481836,28112.102359411987,28562.741095591136,29094.623770113587,29663.601885496235,30253.312766341965,30836.424901525977,31442.41152584397,32063.761687448274,32638.9283184992,33198.37449890584,33744.276795137834,34286.81975762826,34815.804555063536,35312.6346020565,35786.94230255073,36247.01869176093,36674.82147037932,37092.53472215458,37513.20456679347,37921.80880649208
WECC_PNW_PACWSouth,32539.332771005298,32926.071360411566,33350.22297833485,33816.52410773983,34287.4263403185,34766.01867643004,35240.700206642265,35678.42857779582,36088.34719056105,36532.96655281938,37014.87521103486,37470.66113342735,37886.66841119956,38297.74954582667,38741.99531946163,39252.01474815096,39777.1653793054,40313.43017895067,40833.714172836815,41374.904534355,41926.912311815235,42436.8352843991,42929.407176932735,43411.663836284104,43895.8595469687,44368.070176187495,44815.87018041336,45250.322400544675,45675.002748825595,46076.214134705486,46472.273580581845,46874.671034161496,47268.91297030959
WECC_PNW_PortlandGeneral,60691.05480983295,61412.38407284868,62203.494611968265,63073.220724724415,63951.52863007185,64844.17980724637,65729.53670654321,66545.97005975479,67310.53377007994,68139.81992275664,69038.65657054281,69888.77014208233,70664.69018550315,71431.42218485051,72260.01153505198,73211.2792613603,74190.7690979562,75190.98863462896,76161.40141511963,77170.80791170034,78200.39061743871,79151.4784376984,80070.20372127827,80969.6894467871,81872.79181285744,82753.54008699664,83588.75864515133,84399.08145323726,85191.1781589553,85939.50149988326,86678.21564951859,87428.7511962186,88164.0753998058
WECC_PNW_PugetSoundCentral,47959.375112993774,48529.384990287035,49154.53753081153,49841.813786232284,50535.87155848971,51241.263692228524,51940.89173091233,52586.05490304902,53190.22956925248,53845.54929959583,54555.829325071645,55227.60732915909,55840.756013700986,56446.64410846316,57101.41321052373,57853.125400431396,58627.13930807989,59417.534269988864,60184.37529293408,60982.0299878919,61795.62835669728,62547.19838098106,63273.19483365535,63983.987774289344,64697.63866197803,65393.62486607214,66053.63251064823,66693.96699877629,67319.89882932906,67911.24000680287,68494.98779491836,69088.07710490988,69669.14608484445
WECC_PNW_PugetSoundNorth,30865.446595723653,31232.29060453692,31634.623043362044,32076.93674132453,32523.614852819654,32977.58747405718,33427.85046881031,33843.061246436104,34231.89285340046,34653.64013622851,35110.758481550605,35543.09789507488,35937.70495434907,36327.63928080363,36749.032193129235,37232.815236554736,37730.951104142376,38239.62940591034,38733.14898545783,39246.49946867501,39770.11089904843,40253.80244825698,40721.035490512186,41178.48393511905,41637.77168251045,42085.69088419344,42510.45519061813,42922.55834876295,43325.392319034094,43705.96461569491,44081.64999810452,44463.34734884999,44837.30871774495
WECC_PNW_SeattleCL,28785.76983249494,29127.89633208661,29503.120093850386,29915.63122547522,30332.212701684726,30755.597192321195,31175.52200665547,31562.756380201292,31925.388979958523,32318.719436827745,32745.037696433796,33148.246598940015,33516.26550795908,33879.926527290154,34272.92649071625,34724.11281305639,35188.684883485286,35663.0890515269,36123.35587386577,36602.11741737562,37090.4485377321,37541.54953062585,37977.30097101999,38403.92708821703,38832.26857818353,39250.00752141295,39646.151718448295,40030.48786018566,40406.1793608083,40761.109152681776,41111.48130472361,41467.460345887215,41816.22464637676
WECC_PNW_TacomaPower,14304.11822513405,14474.126459292378,14660.58126249482,14865.564767548922,15072.570893171971,15282.957547549917,15491.6250323821,15684.04810434672,15864.246153917715,16059.698469049206,16271.54296104728,16471.904036830103,16654.778631267774,16835.487719287794,17030.7758068405,17254.977644549606,17485.83107866582,17721.570242344642,17950.284328511276,18188.18874308357,18430.848436370845,18655.00787248721,18871.539865775576,19083.53733722855,19296.387205370498,19503.96849522194,19700.819003704706,19891.801897043802,20078.48912730915,20254.85952609033,20428.965159351643,20605.85694720739,20779.163612825105
WECC_PublicServiceCO,86885.81171569215,87946.00739425843,89116.49763209732,90413.45954583446,91736.0894880306,93097.4052886631,94468.33239550961,95756.5771199449,96992.8312808407,98372.9882089299,99904.01768652505,101418.42834352124,102879.77544347789,104395.1314374838,106068.59183872958,108043.75403066368,110156.67124976793,112346.58021242484,114511.98453605224,116762.33395802828,119069.73633441675,121205.63479122186,123283.15488520359,125310.37936093134,127325.12885051219,129289.52968936291,131134.52290242145,132895.87870932103,134604.38611687187,136193.04450791655,137744.23513979246,139306.4051675407,140823.76921110778
WECC_PublicServiceNM,27429.247704261863,27763.944121411525,28133.459765394455,28542.901639647724,28960.446732329623,29390.204682010273,29822.996854352827,30229.686772447494,30619.963630487266,31055.66959333407,31539.004972888328,32017.0939061269,32478.43104271,32956.81841228117,33485.118245851736,34108.66324070006,34775.69654150012,35467.03560135781,36150.63871675494,36861.0584101164,37589.48932519447,38263.77764322921,38919.63631731138,39559.617013801035,40195.65944375013,40815.80715412211,41398.25870581227,41954.306508886,42493.67043909388,42995.19886663517,43484.89898266194,43978.065217760144,44457.08651464038
WECC_SaltRiverProject,58837.59323796211,59555.53971111293,60348.175783022154,61226.45632179754,62122.118812676126,63043.97870860619,63972.34721755761,64844.724624070164,65681.89490562935,66616.51369247095,67653.30080257864,68678.8339301639,69668.43331985569,70694.60661357798,71827.84552156592,73165.39174842623,74596.22333563564,76079.19242148128,77545.567382749,79069.46571918586,80631.9993455332,82078.39343586305,83485.2546922598,84858.0566118092,86222.41068301529,87552.66950468358,88802.0675140151,89994.82769507656,91151.79983937161,92227.61226904913,93278.05216977195,94335.9271305532,95363.4602412692
WECC_TucsonElectric,28508.025338020714,28855.885186147894,29239.93368266658,29665.478686726066,30099.445604458644,30546.105704320158,30995.919361197135,31418.604176134984,31824.230414149246,32277.072459351726,32779.417160732424,33276.30907587142,33755.790355157005,34252.99244396986,34802.070027281115,35450.1387130938,36143.40607665905,36861.93513177872,37572.423991881995,38310.78411161034,39067.86382476691,39768.671541512245,40450.32478627076,41115.47558107497,41776.533219423094,42421.071007379,43026.430066904824,43604.346932510794,44164.923757459284,44686.177029668535,45195.1367892012,45707.69898841352,46205.55993655725
WECC_VEA,1237.9415469363832,1253.0471234679605,1269.724167361452,1288.2031687784274,1307.047886049693,1326.4437960933071,1345.9766471983867,1364.3314468544968,1381.945489448168,1401.6098462497648,1423.4238221161722,1445.0010144609175,1465.8221618244359,1487.4128232493115,1511.2561426238697,1539.398083074793,1569.5027452643508,1600.7043791715325,1631.5568730966124,1663.619657452062,1696.4953273782157,1726.9274242592167,1756.527751264859,1785.4114706422133,1814.1174474935588,1842.1060611144728,1868.3933651881748,1893.4890107169697,1917.8316768127481,1940.4667444645145,1962.5679747171735,1984.8256384546814,2006.4449103964066
WECC_WAPA_CO,37315.09520051099,37770.42043596281,38273.11418760948,38830.12408746402,39398.157708069324,39982.805853669684,40571.5817941228,41124.847898042695,41655.78546765193,42248.52536552862,42906.06092378748,43556.45915017909,44184.068020708,44834.87224365782,45553.578013376646,46401.85650411162,47309.29703582544,48249.803429313346,49179.7857461979,50146.249674626444,51137.216296686216,52054.52664552782,52946.765073840754,53817.402900786714,54682.68306016299,55526.33984216483,56318.71429352927,57075.16875161152,57808.926258212836,58491.21186885894,59157.40609504624,59828.31567341968,60479.98229909168
WECC_WAPA_LwrCO,18710.602237981337,18938.912237558605,19190.973843834516,19470.27075096537,19755.09519200822,20048.25051809598,20343.47561051276,20620.89529674368,20887.118969088024,21184.331676175017,21514.03433998443,21840.15818999501,22154.85496014647,22481.18238568245,22841.557127086486,23266.902455616157,23721.91292128119,24193.50333090688,24659.8167390888,25144.422822632594,25641.31509094503,26101.274498089304,26548.662297688872,26985.21908484945,27419.08942068836,27842.117323701605,28239.43114812984,28618.733904836485,28986.65591525553,29328.76879490652,29662.813103582423,29999.22179264361,30325.981645705684
WECC_WAPA_UprMO,1980.7064750982133,2004.8753975487366,2031.5586677783228,2061.1250700454834,2091.2766176795085,2122.310073749291,2153.5626355174186,2182.9303149671946,2211.112783117069,2242.5757539996234,2277.4781153858753,2312.001623137468,2345.3154589190967,2379.860517198898,2418.009828198191,2463.0369329196687,2511.204392422961,2561.127006674452,2610.4909969545797,2661.791451923299,2714.392523805145,2763.083878814746,2810.4444020237743,2856.658353027541,2902.5879159896936,2947.3696977831564,2989.429384301079,3029.5824171471513,3068.530682900396,3104.7467911432227,3140.1087595474773,3175.7210215274895,3210.31185663425
WECC_WAPA_WY,12750.797933444748,12906.385371719993,13078.158923822954,13268.4926384178,13462.593226311837,13662.371099761061,13863.559466143382,14052.613902601317,14234.03854131613,14436.581416372575,14661.265367796572,14883.510448947449,15097.968266791688,15320.352079467906,15565.938269025855,15855.800255670367,16165.878276222813,16487.255105466786,16805.035792895105,17135.282471756236,17473.901871995622,17787.35246986993,18092.23583802805,18389.738147614793,18685.409709183652,18973.69242947907,19244.451661438197,19502.936810384785,19753.666271171303,19986.807467984498,20214.450139586887,20443.704076083217,20666.382577082986
CAISO_PGAE,,,,,,,,,,,,,,,,,,,,,,,,,,,,,,,,,
CAISO_SCE,,,,,,,,,,,,,,,,,,,,,,,,,,,,,,,,,
CAISO_SDGE,,,,,,,,,,,,,,,,,,,,,,,,,,,,,,,,,
PG&E_NP-15 Exports,,,,,,,,,,,,,,,,,,,,,,,,,,,,,,,,,
PG&E_ZP-26 Exports,,,,,,,,,,,,,,,,,,,,,,,,,,,,,,,,,
SCE Exports,,,,,,,,,,,,,,,,,,,,,,,,,,,,,,,,,
SDGE Exports,,,,,,,,,,,,,,,,,,,,,,,,,,,,,,,,,
Primary Key,,,,,,,,,,,,,,,,,,,,,,,,,,,,,,,,,
SERC_AECI,31761.165544554853,32139.32398488157,32554.178703276404,33010.48549264604,33471.5624445291,33940.4686902409,34406.07457556875,34836.06501622416,35239.14799929758,35677.04966292432,36152.46542329529,36603.485886439616,37016.59993694513,37424.86301395745,37865.9965341739,38372.74006899567,38896.04767371565,39431.38570610723,39951.06551352516,40491.684558594716,41042.94199476504,41552.66878907535,42043.551521912945,42524.99909717615,43007.6673270366,43478.715949170226,43925.458164439886,44358.221799847524,44780.59891938672,45178.767215736094,45570.907966338666,45968.93236158646,46358.63185098738
SPP_IS,48099.91821960736,48672.61099526299,49300.87754926643,49991.92017554983,50690.18685746394,51400.31042140435,52105.43583550229,52756.6243128812,53367.06345102771,54030.23288601362,54750.214624784414,55433.251503962514,56058.881946170666,56677.16595054167,57345.2297914789,58112.65510995626,58905.16547785883,59715.89503190364,60502.91137115349,61321.63862533217,62156.47693000794,62928.42017265358,63671.82548855055,64400.94196145525,65131.90702477834,65845.27505814921,66521.83284975712,67177.22112391621,67816.87979384662,68419.87600521607,69013.74394775425,69616.5222316296,70206.69306601262
SWPA,7547.823629319092,7637.690394678205,7736.277779383673,7844.715965072777,7954.28774723787,8065.720107500405,8176.36815970421,8278.552445221294,8374.34235758928,8478.406691103852,8591.385992976286,8698.567919415722,8796.741646309816,8893.762572551625,8998.594934667039,9119.019067741343,9243.379538668234,9370.59895839923,9494.097308124672,9622.571724377178,9753.574281469342,9874.70736574471,9991.362287773272,10105.77500917521,10220.47781078845,10332.419292145953,10438.584522256811,10541.427838527987,10641.80287038472,10736.424841087137,10829.614406793251,10924.20218038369,11016.81159707237
MISO_LRZ_1,175599.6420276267,177690.38667167773,179984.0159763521,182506.82354636022,185056.00416708636,187648.4710202314,190222.69099571792,192600.00197155317,194828.54825823865,197249.59843249276,199878.05478489966,202371.63556247464,204655.6411441838,206912.82689122108,209351.74520256984,212153.40508465734,215046.64361931544,218006.395418092,220879.57675722014,223868.5259711386,226916.29222268824,229734.4458098801,232448.41523404696,235110.2200016551,237778.77346713506,240383.08499053412,242853.01239196828,245245.65567684872,247580.87448006606,249782.24867735797,251950.2980624997,254150.8766661322,256305.42892087088
MISO_LRZ_2,117695.14318734212,119096.45863086134,120633.75692096757,122324.6612688221,124033.24207629073,125770.83535362405,127496.19871491689,129089.58439879969,130583.26098767226,132205.96274054796,133967.67787382563,135638.99305008163,137169.84106819803,138682.71317107047,140317.3909902386,142195.19527945598,144134.37989099495,146118.14482202593,148043.88615729977,150047.22056988633,152089.9769288159,153978.83607532983,155797.8660932449,157581.93290364934,159370.5230089374,161116.05514164342,162771.5167121653,164375.17883105468,165940.35236013966,167415.8169360778,168868.94565476474,170343.87698639455,171787.95929315797
MISO_LRZ_3,81239.83050921977,82207.09751819262,83268.22756271408,84435.38517777681,85614.74408291967,86814.12903221893,88005.07220321395,89104.91693247699,90135.93681681022,91256.01715148299,92472.05236718591,93625.6884304039,94682.36613314641,95726.63584463185,96854.98273618551,98151.14923935787,99489.68390528498,100858.99042382637,102188.2457817405,103571.06026094768,104981.08599248453,106284.88318209609,107540.48036601194,108771.94397079023,110006.52980899072,111211.39460433502,112354.08761410219,113461.0257188059,114541.39682654127,115559.84575166622,116562.87720748673,117580.95805729389,118577.74516902782
MISO_LRZ_4,87152.46467136887,88190.12936489283,89328.48844488116,90580.59178107818,91845.78441714188,93132.46059268256,94410.08059736698,95589.97201651773,96696.02951911963,97897.62929086687,99202.16753905613,100439.76522498202,101573.34792179526,102693.61957385497,103904.08754242143,105294.58903248941,106730.54223983118,108199.50687495447,109625.50542632627,111108.96113137584,112621.60852346438,114020.29606126464,115367.27559737135,116688.3651126595,118012.80409749132,119305.35894222482,120531.21713936437,121718.71818975902,122877.71869737565,123970.29032646677,125046.32240297078,126138.49916822567,127207.83243733444
MISO_LRZ_5,74044.34624260943,74925.9415496468,75893.08635943398,76956.86778324672,78031.76981799178,79124.92417229597,80210.3844441317,81212.81494449347,82152.51647784318,83173.39029799025,84281.72018974814,85333.17767762633,86296.26449351812,87248.04230500828,88276.45050571827,89457.81438532501,90677.79384171241,91925.81966027482,93137.34168523851,94397.67905233939,95682.81754687446,96871.13625621474,98015.5240773656,99137.91585201396,100263.1533210848,101361.30216658096,102402.78583701537,103411.68144622665,104396.36312109289,105324.60711630664,106238.79918122698,107166.7077018822,108075.20848984263
MISO_LRZ_6,179377.01703336716,181512.73629394153,183855.70452612097,186432.78094399918,189036.797730965,191685.03189309314,194314.62666366695,196743.07666779007,199019.561862239,201492.69195140796,204177.6897933909,206724.91071279786,209058.04820330648,211363.78892987402,213855.17152283495,216717.0987260341,219672.57455685225,222695.99443797112,225630.98161708884,228684.2269874442,231797.5546258453,234676.33033503965,237448.6807453567,240167.7443700059,242893.70186573098,245554.03549226225,248077.0942208702,250521.2063518007,252906.65872633032,255155.38732466265,257370.07425111186,259617.99014153803,261818.889596884
MISO_LRZ_7,183571.276046347,185756.93347573478,188154.68584797555,190792.02040912976,193456.9252689341,196167.0814107377,198858.16232791697,201343.39523815495,203673.11004196323,206204.06776333568,208951.8472068015,211558.62817730062,213946.31994187363,216305.97434135166,218855.61135323497,221784.4571849465,224809.03903250003,227903.1536229865,230906.76774569257,234031.40521591253,237217.52981974254,240163.61811537814,243000.79263687687,245783.4344015976,248573.13123240878,251295.66975271716,253877.72356323563,256378.98481785782,258820.2147122023,261121.52390501258,263387.9954511183,265688.4729329889,267940.8346242997
MISO_LRZ_8,65135.57074613947,65911.09536624819,66761.87645050877,67697.66714494144,68643.24045448084,69604.8700237113,70559.73123751178,71441.55255254457,72268.1922463465,73166.23784076903,74141.21707602515,75066.16661050878,75913.37794553296,76750.64093887206,77655.31440163412,78694.54041228635,79767.73589881264,80865.60330021595,81931.35892602656,83040.05659039409,84170.57139101239,85215.91544885017,86222.61424042782,87209.96347845004,88199.81602617493,89165.83916562221,90082.01490001599,90969.52346297812,91835.73143361139,92652.29212309088,93456.49156493715,94272.75714306853,95071.95006393286
MISO_LRZ_9,182401.96746242998,184573.7027355375,186956.1819534409,189576.71727449918,192224.6472774795,194917.5403217625,197591.47964639938,200060.88217054665,202375.7572043384,204890.59328264737,207620.86997645017,210211.04632649425,212583.52902058416,214928.15294141753,217461.54932727222,220371.73905632028,223377.05498388197,226451.46074612363,229435.94250862554,232540.67672658162,235706.50641865347,238633.82878092927,241452.9311258135,244217.84807556568,246989.77515219178,249694.9717019566,252260.5783985812,254745.90717009033,257171.58696786058,259458.23732813806,261710.271949845,263996.09589699825,266234.1105405767
MISO_LRZ_10,39856.47539552406,40331.01914459864,40851.61234679791,41424.22295511481,42002.81954856763,42591.24097217071,43175.52083704369,43715.10756581947,44220.928643911946,44770.44301414231,45367.033102415,45933.01000168757,46451.41887325183,46963.74035153688,47517.310316404306,48153.21302592963,48809.901667993276,49481.68706221541,50133.823251261994,50812.23568666018,51503.998034313976,52143.64437875839,52759.643673116254,53363.802969814424,53969.49404247509,54560.603893019696,55121.21210136959,55664.278858869584,56194.31177749566,56693.96550980169,57186.055390950685,57685.52854453374,58174.55493398307
MISO_EES_EAI,0.0,0.0,0.0,0.0,0.0,0.0,0.0,0.0,0.0,0.0,0.0,0.0,0.0,0.0,0.0,0.0,0.0,0.0,0.0,0.0,0.0,0.0,0.0,0.0,0.0,0.0,0.0,0.0,0.0,0.0,0.0,0.0,0.0
MISO_CLEC,0.0,0.0,0.0,0.0,0.0,0.0,0.0,0.0,0.0,0.0,0.0,0.0,0.0,0.0,0.0,0.0,0.0,0.0,0.0,0.0,0.0,0.0,0.0,0.0,0.0,0.0,0.0,0.0,0.0,0.0,0.0,0.0,0.0
MISO_EES,0.0,0.0,0.0,0.0,0.0,0.0,0.0,0.0,0.0,0.0,0.0,0.0,0.0,0.0,0.0,0.0,0.0,0.0,0.0,0.0,0.0,0.0,0.0,0.0,0.0,0.0,0.0,0.0,0.0,0.0,0.0,0.0,0.0
MISO_LAFA,0.0,0.0,0.0,0.0,0.0,0.0,0.0,0.0,0.0,0.0,0.0,0.0,0.0,0.0,0.0,0.0,0.0,0.0,0.0,0.0,0.0,0.0,0.0,0.0,0.0,0.0,0.0,0.0,0.0,0.0,0.0,0.0,0.0
MISO_EES_EMI,0.0,0.0,0.0,0.0,0.0,0.0,0.0,0.0,0.0,0.0,0.0,0.0,0.0,0.0,0.0,0.0,0.0,0.0,0.0,0.0,0.0,0.0,0.0,0.0,0.0,0.0,0.0,0.0,0.0,0.0,0.0,0.0,0.0
MISO_SME,0.0,0.0,0.0,0.0,0.0,0.0,0.0,0.0,0.0,0.0,0.0,0.0,0.0,0.0,0.0,0.0,0.0,0.0,0.0,0.0,0.0,0.0,0.0,0.0,0.0,0.0,0.0,0.0,0.0,0.0,0.0,0.0,0.0
MISO_LEPA,0.0,0.0,0.0,0.0,0.0,0.0,0.0,0.0,0.0,0.0,0.0,0.0,0.0,0.0,0.0,0.0,0.0,0.0,0.0,0.0,0.0,0.0,0.0,0.0,0.0,0.0,0.0,0.0,0.0,0.0,0.0,0.0,0.0
MISO_LAGN,0.0,0.0,0.0,0.0,0.0,0.0,0.0,0.0,0.0,0.0,0.0,0.0,0.0,0.0,0.0,0.0,0.0,0.0,0.0,0.0,0.0,0.0,0.0,0.0,0.0,0.0,0.0,0.0,0.0,0.0,0.0,0.0,0.0
